timestamp,power_consumption_w
2023-01-01 00:47:00,1.663
2023-01-01 06:56:00,1.184
2023-01-01 08:19:00,1.015
2023-01-01 14:30:00,1.613
2023-01-02 09:22:00,1.211
2023-01-02 09:50:00,1.18
2023-01-02 12:08:00,1.587
2023-01-02 19:04:00,1.046
2023-01-02 19:24:00,1.037
2023-01-02 21:48:00,1.343
2023-01-03 05:32:00,1.228
2023-01-03 05:43:00,1.269
2023-01-03 11:33:00,1.539
2023-01-03 22:50:00,1.302
2023-01-04 10:31:00,1.487
2023-01-04 14:40:00,1.624
2023-01-05 19:34:00,1.072
2023-01-05 19:40:00,1.064
2023-01-05 19:42:00,1.045
2023-01-06 01:39:00,1.546
2023-01-06 04:45:00,1.345
2023-01-06 07:31:00,1.125
2023-01-06 13:18:00,1.585
2023-01-06 14:25:00,1.642
2023-01-06 19:56:00,1.068
2023-01-06 22:49:00,1.321
2023-01-07 01:39:00,1.531
2023-01-07 02:13:00,1.546
2023-01-07 08:26:00,1.045
2023-01-07 11:42:00,1.541
2023-01-07 19:07:00,1.089
2023-01-07 20:09:00,1.114
2023-01-07 21:35:00,1.342
2023-01-08 09:33:00,1.232
2023-01-08 10:19:00,1.431
2023-01-09 07:09:00,1.067
2023-01-09 09:12:00,1.219
2023-01-09 20:18:00,1.27
2023-01-10 11:38:00,1.553
2023-01-10 21:26:00,1.304
2023-01-11 20:51:00,1.249
2023-01-11 20:56:00,1.174
2023-01-12 06:39:00,1.201
2023-01-13 03:53:00,1.554
2023-01-13 05:50:00,1.234
2023-01-13 16:33:00,1.369
2023-01-13 21:35:00,1.328
2023-01-14 06:08:00,1.141
2023-01-14 09:43:00,1.274
2023-01-14 22:16:00,1.341
2023-01-15 07:16:00,1.016
2023-01-16 09:13:00,1.235
2023-01-16 09:46:00,1.374
2023-01-16 19:15:00,1.003
2023-01-16 22:26:00,1.375
2023-01-17 03:24:00,1.376
2023-01-17 17:47:00,1.212
2023-01-17 19:44:00,1.095
2023-01-18 00:07:00,1.548
2023-01-18 05:13:00,1.297
2023-01-18 18:07:00,1.032
2023-01-19 02:26:00,1.586
2023-01-19 13:31:00,1.536
2023-01-19 20:10:00,1.241
2023-01-21 06:47:00,1.22
2023-01-22 06:04:00,1.267
2023-01-22 10:04:00,1.409
2023-01-22 13:08:00,1.629
2023-01-23 05:59:00,1.327
2023-01-23 12:21:00,1.605
2023-01-23 14:58:00,1.526
2023-01-23 23:53:00,1.322
2023-01-24 02:07:00,1.559
2023-01-24 06:57:00,1.229
2023-01-24 08:09:00,1.159
2023-01-24 09:27:00,1.188
2023-01-24 10:12:00,1.477
2023-01-24 17:19:00,1.177
2023-01-25 04:39:00,1.368
2023-01-26 06:12:00,1.086
2023-01-27 08:43:00,0.968
2023-01-27 14:53:00,1.602
2023-01-27 15:13:00,1.528
2023-01-28 19:38:00,1.136
2023-01-29 01:07:00,1.568
2023-01-29 03:55:00,1.427
2023-01-29 08:07:00,1.091
2023-01-29 08:49:00,1.09
2023-01-29 09:04:00,1.236
2023-01-29 20:56:00,1.187
2023-01-30 07:53:00,0.97
2023-01-31 12:57:00,1.565
2023-02-01 01:29:00,1.609
2023-02-01 03:14:00,1.473
2023-02-01 04:16:00,1.317
2023-02-01 05:31:00,1.427
2023-02-01 06:20:00,1.225
2023-02-01 06:30:00,1.155
2023-02-01 11:06:00,1.653
2023-02-01 15:16:00,1.551
2023-02-01 16:14:00,1.442
2023-02-02 03:45:00,1.429
2023-02-02 15:55:00,1.551
2023-02-02 22:17:00,1.309
2023-02-03 00:07:00,1.574
2023-02-03 08:00:00,0.964
2023-02-03 09:57:00,1.127
2023-02-03 10:39:00,1.403
2023-02-03 17:53:00,1.169
2023-02-04 02:46:00,1.634
2023-02-04 11:17:00,1.594
2023-02-04 18:29:00,1.109
2023-02-05 01:48:00,1.596
2023-02-05 05:51:00,1.412
2023-02-05 06:35:00,1.232
2023-02-05 13:23:00,1.624
2023-02-05 14:06:00,1.516
2023-02-05 21:55:00,1.314
2023-02-06 11:26:00,1.572
2023-02-06 13:09:00,1.584
2023-02-06 20:04:00,1.201
2023-02-06 22:13:00,1.354
2023-02-07 01:25:00,1.524
2023-02-07 03:52:00,1.472
2023-02-07 16:23:00,1.422
2023-02-08 01:48:00,1.535
2023-02-08 06:43:00,1.2
2023-02-08 09:04:00,1.258
2023-02-08 22:03:00,1.346
2023-02-09 18:15:00,1.048
2023-02-11 11:03:00,1.536
2023-02-12 03:36:00,1.48
2023-02-12 04:38:00,1.4
2023-02-12 15:13:00,1.59
2023-02-12 20:23:00,1.214
2023-02-13 00:11:00,1.752
2023-02-13 04:08:00,1.315
2023-02-13 05:08:00,1.249
2023-02-13 11:45:00,1.564
2023-02-13 12:18:00,1.649
2023-02-13 20:57:00,1.176
2023-02-14 04:08:00,1.352
2023-02-14 08:44:00,1.113
2023-02-14 16:38:00,1.44
2023-02-15 08:11:00,1.029
2023-02-15 09:22:00,1.191
2023-02-15 11:15:00,1.576
2023-02-15 15:06:00,1.61
2023-02-15 22:53:00,1.383
2023-02-16 20:05:00,1.179
2023-02-16 20:58:00,1.2
2023-02-17 02:51:00,1.532
2023-02-17 09:25:00,1.269
2023-02-17 13:21:00,1.666
2023-02-17 13:30:00,1.59
2023-02-18 07:23:00,1.048
2023-02-18 07:35:00,1.044
2023-02-18 17:50:00,1.182
2023-02-18 19:22:00,1.138
2023-02-18 19:36:00,1.105
2023-02-19 01:00:00,1.595
2023-02-19 08:49:00,1.077
2023-02-19 14:43:00,1.62
2023-02-19 16:01:00,1.501
2023-02-19 16:53:00,1.437
2023-02-20 07:06:00,1.065
2023-02-20 07:47:00,1.055
2023-02-20 13:11:00,1.661
2023-02-20 18:32:00,1.077
2023-02-21 01:06:00,1.63
2023-02-21 11:04:00,1.543
2023-02-22 00:38:00,1.588
2023-02-22 02:47:00,1.577
2023-02-22 14:24:00,1.602
2023-02-23 02:51:00,1.597
2023-02-23 10:46:00,1.455
2023-02-23 11:16:00,1.628
2023-02-23 19:58:00,1.065
2023-02-24 01:49:00,1.561
2023-02-24 04:23:00,1.292
2023-02-24 19:14:00,1.068
2023-02-25 04:01:00,1.419
2023-02-25 13:36:00,1.641
2023-02-25 15:40:00,1.527
2023-02-25 22:45:00,1.399
2023-02-26 12:01:00,1.639
2023-02-27 01:06:00,1.647
2023-02-27 12:29:00,1.587
2023-02-27 13:03:00,1.643
2023-02-27 14:52:00,1.62
2023-02-27 15:30:00,1.519
2023-02-28 14:28:00,1.614
2023-02-28 17:58:00,1.215
2023-03-01 00:00:00,1.656
2023-03-01 00:13:00,1.61
2023-03-01 02:19:00,1.587
2023-03-02 06:30:00,1.25
2023-03-02 12:40:00,1.544
2023-03-03 02:54:00,1.548
2023-03-03 03:26:00,1.494
2023-03-03 20:00:00,1.268
2023-03-04 01:30:00,1.544
2023-03-04 06:18:00,1.233
2023-03-04 17:12:00,1.126
2023-03-05 07:40:00,0.984
2023-03-05 12:55:00,1.557
2023-03-05 19:21:00,0.977
2023-03-06 01:29:00,1.554
2023-03-06 06:02:00,1.211
2023-03-06 13:06:00,1.594
2023-03-06 13:22:00,1.685
2023-03-06 21:12:00,1.334
2023-03-06 21:45:00,1.296
2023-03-07 01:11:00,1.593
2023-03-07 02:13:00,1.595
2023-03-07 16:10:00,1.521
2023-03-07 19:16:00,1.016
2023-03-07 22:52:00,1.386
2023-03-08 00:42:00,1.657
2023-03-08 14:44:00,1.708
2023-03-08 20:47:00,1.205
2023-03-08 21:37:00,1.39
2023-03-09 09:24:00,1.197
2023-03-09 17:50:00,1.217
2023-03-09 19:33:00,1.079
2023-03-10 01:18:00,1.526
2023-03-10 03:09:00,1.401
2023-03-10 12:58:00,1.606
2023-03-10 19:03:00,1.088
2023-03-11 06:11:00,1.168
2023-03-11 06:19:00,1.188
2023-03-11 13:46:00,1.645
2023-03-12 16:35:00,1.514
2023-03-12 23:51:00,1.469
2023-03-13 00:52:00,1.565
2023-03-14 02:21:00,1.56
2023-03-14 13:46:00,1.542
2023-03-14 21:38:00,1.267
2023-03-15 03:52:00,1.391
2023-03-15 06:58:00,1.117
2023-03-15 12:18:00,1.64
2023-03-15 16:36:00,1.437
2023-03-16 03:41:00,1.49
2023-03-16 04:01:00,1.44
2023-03-16 15:14:00,1.548
2023-03-16 16:59:00,1.444
2023-03-16 17:07:00,1.273
2023-03-17 07:54:00,1.135
2023-03-17 13:40:00,1.666
2023-03-17 17:29:00,1.247
2023-03-18 00:05:00,1.655
2023-03-18 03:33:00,1.476
2023-03-18 05:48:00,1.391
2023-03-18 16:14:00,1.362
2023-03-19 02:30:00,1.433
2023-03-19 17:57:00,1.171
2023-03-20 01:51:00,1.649
2023-03-20 07:10:00,1.095
2023-03-20 17:01:00,1.199
2023-03-20 18:03:00,1.045
2023-03-21 05:09:00,1.247
2023-03-21 07:31:00,1.038
2023-03-21 09:40:00,1.263
2023-03-21 17:18:00,1.161
2023-03-22 14:31:00,1.596
2023-03-22 15:42:00,1.552
2023-03-22 18:45:00,1.034
2023-03-22 19:14:00,1.075
2023-03-22 21:03:00,1.307
2023-03-24 02:18:00,1.608
2023-03-24 06:06:00,1.182
2023-03-24 09:16:00,1.297
2023-03-24 10:23:00,1.458
2023-03-24 15:04:00,1.628
2023-03-24 20:21:00,1.318
2023-03-25 07:33:00,1.104
2023-03-25 13:07:00,1.587
2023-03-26 02:53:00,1.597
2023-03-26 06:09:00,1.207
2023-03-26 09:43:00,1.31
2023-03-27 03:36:00,1.536
2023-03-28 01:46:00,1.548
2023-03-28 03:51:00,1.467
2023-03-28 17:42:00,1.165
2023-03-28 20:24:00,1.216
2023-03-29 15:33:00,1.635
2023-03-29 21:21:00,1.325
2023-03-30 02:08:00,1.618
2023-03-30 19:24:00,1.097
2023-03-31 01:52:00,1.568
2023-04-02 01:27:00,1.55
2023-04-02 22:29:00,1.353
2023-04-02 23:37:00,1.425
2023-04-03 06:31:00,1.211
2023-04-03 10:21:00,1.476
2023-04-03 13:05:00,1.651
2023-04-03 17:52:00,1.186
2023-04-03 22:36:00,1.316
2023-04-04 23:42:00,1.44
2023-04-05 01:00:00,1.536
2023-04-05 01:16:00,1.549
2023-04-05 02:09:00,1.563
2023-04-05 06:06:00,1.165
2023-04-05 13:22:00,1.559
2023-04-06 03:03:00,1.569
2023-04-06 03:28:00,1.474
2023-04-06 14:59:00,1.569
2023-04-07 07:52:00,1.154
2023-04-07 08:27:00,1.036
2023-04-07 09:28:00,1.318
2023-04-07 14:37:00,1.628
2023-04-07 22:26:00,1.326
2023-04-08 02:18:00,1.521
2023-04-08 04:15:00,1.349
2023-04-08 04:48:00,1.371
2023-04-08 13:45:00,1.625
2023-04-08 15:22:00,1.607
2023-04-08 20:56:00,1.164
2023-04-09 03:14:00,1.393
2023-04-09 04:55:00,1.338
2023-04-09 05:43:00,1.172
2023-04-09 11:29:00,1.671
2023-04-09 23:44:00,1.425
2023-04-10 07:37:00,1.044
2023-04-11 02:49:00,1.531
2023-04-11 03:58:00,1.563
2023-04-11 04:29:00,1.397
2023-04-11 08:33:00,0.971
2023-04-11 11:12:00,1.578
2023-04-11 15:32:00,1.66
2023-04-11 23:30:00,1.458
2023-04-12 00:36:00,1.521
2023-04-12 01:50:00,1.623
2023-04-12 05:37:00,1.337
2023-04-12 13:33:00,1.53
2023-04-12 16:09:00,1.421
2023-04-13 09:31:00,1.165
2023-04-13 22:40:00,1.361
2023-04-13 23:55:00,1.42
2023-04-14 03:56:00,1.521
2023-04-14 08:10:00,0.992
2023-04-14 16:02:00,1.537
2023-04-15 04:06:00,1.276
2023-04-15 06:25:00,1.175
2023-04-15 18:55:00,1.116
2023-04-15 22:38:00,1.429
2023-04-16 07:35:00,1.096
2023-04-16 11:13:00,1.563
2023-04-16 22:27:00,1.45
2023-04-16 22:49:00,1.404
2023-04-17 16:14:00,1.457
2023-04-18 08:01:00,1.039
2023-04-18 19:21:00,1.028
2023-04-18 23:26:00,1.459
2023-04-19 14:10:00,1.582
2023-04-20 01:26:00,1.584
2023-04-20 15:30:00,1.556
2023-04-20 17:42:00,1.285
2023-04-20 18:39:00,1.074
2023-04-20 19:04:00,1.012
2023-04-20 20:01:00,1.195
2023-04-20 21:20:00,1.41
2023-04-21 00:18:00,1.626
2023-04-21 03:52:00,1.371
2023-04-21 03:52:00,1.397
2023-04-21 06:49:00,1.131
2023-04-21 07:43:00,1.069
2023-04-21 15:15:00,1.557
2023-04-21 15:44:00,1.691
2023-04-21 18:54:00,1.038
2023-04-21 20:44:00,1.173
2023-04-21 23:47:00,1.353
2023-04-22 04:02:00,1.381
2023-04-22 05:04:00,1.391
2023-04-22 05:57:00,1.311
2023-04-22 19:03:00,1.092
2023-04-23 07:38:00,1.047
2023-04-23 09:00:00,1.205
2023-04-23 12:43:00,1.675
2023-04-23 18:01:00,1.011
2023-04-24 12:24:00,1.57
2023-04-24 15:07:00,1.56
2023-04-24 22:12:00,1.282
2023-04-25 03:46:00,1.422
2023-04-25 07:14:00,1.055
2023-04-25 10:21:00,1.593
2023-04-25 20:05:00,1.087
2023-04-25 22:52:00,1.393
2023-04-26 00:08:00,1.561
2023-04-26 00:54:00,1.607
2023-04-26 11:29:00,1.596
2023-04-26 12:26:00,1.586
2023-04-27 09:33:00,1.167
2023-04-28 01:40:00,1.611
2023-04-28 06:46:00,1.137
2023-04-28 10:54:00,1.462
2023-04-28 12:56:00,1.638
2023-04-29 07:02:00,1.04
2023-04-29 07:17:00,1.084
2023-04-29 09:50:00,1.153
2023-04-29 13:50:00,1.555
2023-04-29 21:19:00,1.285
2023-04-30 02:20:00,1.526
2023-04-30 17:14:00,1.28
2023-04-30 22:11:00,1.431
2023-05-02 04:31:00,1.332
2023-05-02 12:40:00,1.616
2023-05-02 15:02:00,1.593
2023-05-02 18:45:00,1.106
2023-05-02 19:09:00,1.013
2023-05-03 06:57:00,1.19
2023-05-03 07:02:00,1.023
2023-05-03 10:00:00,1.423
2023-05-03 11:57:00,1.583
2023-05-03 19:23:00,0.934
2023-05-04 08:09:00,0.96
2023-05-04 13:18:00,1.522
2023-05-05 03:50:00,1.466
2023-05-05 10:08:00,1.454
2023-05-05 17:45:00,1.246
2023-05-06 00:01:00,1.671
2023-05-06 13:43:00,1.603
2023-05-06 20:42:00,1.183
2023-05-06 22:48:00,1.37
2023-05-07 01:46:00,1.622
2023-05-07 07:05:00,1.013
2023-05-07 15:51:00,1.589
2023-05-07 17:54:00,1.139
2023-05-08 06:14:00,1.225
2023-05-08 20:28:00,1.19
2023-05-09 15:17:00,1.561
2023-05-09 19:03:00,1.061
2023-05-10 11:14:00,1.606
2023-05-10 14:16:00,1.576
2023-05-10 20:42:00,1.19
2023-05-10 20:55:00,1.186
2023-05-11 07:06:00,1.13
2023-05-11 08:18:00,1.013
2023-05-11 23:03:00,1.409
2023-05-12 16:36:00,1.426
2023-05-12 19:32:00,1.166
2023-05-13 03:32:00,1.383
2023-05-13 07:02:00,1.047
2023-05-13 11:12:00,1.569
2023-05-14 04:35:00,1.404
2023-05-14 08:12:00,0.92
2023-05-14 14:02:00,1.618
2023-05-14 19:04:00,1.037
2023-05-14 22:56:00,1.279
2023-05-15 12:26:00,1.619
2023-05-16 01:47:00,1.512
2023-05-16 07:54:00,1.139
2023-05-16 07:55:00,1.036
2023-05-16 09:33:00,1.15
2023-05-17 13:14:00,1.707
2023-05-18 01:16:00,1.66
2023-05-18 04:05:00,1.343
2023-05-18 14:53:00,1.641
2023-05-18 19:10:00,1.112
2023-05-19 01:05:00,1.587
2023-05-19 08:18:00,0.948
2023-05-20 03:46:00,1.54
2023-05-20 04:42:00,1.347
2023-05-20 11:44:00,1.618
2023-05-20 14:12:00,1.568
2023-05-20 15:19:00,1.572
2023-05-20 20:18:00,1.167
2023-05-20 21:41:00,1.294
2023-05-21 06:26:00,1.241
2023-05-21 07:52:00,1.011
2023-05-21 13:03:00,1.598
2023-05-21 14:01:00,1.658
2023-05-21 14:51:00,1.653
2023-05-21 15:19:00,1.535
2023-05-21 16:15:00,1.442
2023-05-21 16:55:00,1.43
2023-05-22 00:52:00,1.562
2023-05-22 02:49:00,1.582
2023-05-22 12:30:00,1.608
2023-05-22 16:32:00,1.496
2023-05-22 16:42:00,1.417
2023-05-23 03:03:00,1.518
2023-05-23 12:49:00,1.562
2023-05-23 17:35:00,1.235
2023-05-23 22:03:00,1.356
2023-05-24 11:09:00,1.575
2023-05-24 11:33:00,1.527
2023-05-25 08:34:00,1.043
2023-05-25 23:23:00,1.387
2023-05-26 02:19:00,1.657
2023-05-26 02:54:00,1.555
2023-05-26 04:10:00,1.296
2023-05-26 04:51:00,1.364
2023-05-26 07:46:00,1.109
2023-05-26 13:48:00,1.566
2023-05-26 18:06:00,0.967
2023-05-27 13:24:00,1.644
2023-05-28 03:07:00,1.396
2023-05-28 03:36:00,1.445
2023-05-28 16:00:00,1.503
2023-05-28 18:17:00,0.965
2023-05-29 00:37:00,1.646
2023-05-29 01:05:00,1.592
2023-05-29 04:56:00,1.268
2023-05-29 09:11:00,1.197
2023-05-29 11:03:00,1.621
2023-05-30 12:56:00,1.631
2023-05-30 19:59:00,1.178
2023-05-31 00:52:00,1.68
2023-05-31 05:33:00,1.255
2023-05-31 09:49:00,1.182
2023-05-31 10:45:00,1.402
2023-05-31 21:48:00,1.368
2023-06-01 00:31:00,1.634
2023-06-01 00:52:00,1.657
2023-06-01 09:12:00,1.081
2023-06-01 13:21:00,1.619
2023-06-02 15:53:00,1.623
2023-06-02 19:30:00,1.054
2023-06-03 01:09:00,1.473
2023-06-03 06:42:00,1.185
2023-06-03 07:13:00,1.076
2023-06-03 09:17:00,1.262
2023-06-05 00:29:00,1.602
2023-06-05 06:35:00,1.244
2023-06-05 17:00:00,1.215
2023-06-05 21:03:00,1.234
2023-06-06 04:30:00,1.377
2023-06-06 04:38:00,1.361
2023-06-06 07:52:00,1.05
2023-06-06 10:15:00,1.469
2023-06-06 13:24:00,1.588
2023-06-06 14:04:00,1.618
2023-06-06 15:27:00,1.663
2023-06-06 16:44:00,1.372
2023-06-07 08:03:00,1.097
2023-06-07 10:27:00,1.416
2023-06-07 12:03:00,1.511
2023-06-07 13:53:00,1.633
2023-06-08 02:41:00,1.559
2023-06-08 15:22:00,1.584
2023-06-08 22:50:00,1.346
2023-06-09 21:54:00,1.348
2023-06-10 14:27:00,1.661
2023-06-11 03:52:00,1.573
2023-06-11 10:43:00,1.468
2023-06-12 00:38:00,1.651
2023-06-12 08:23:00,1.037
2023-06-12 11:37:00,1.617
2023-06-12 19:40:00,1.101
2023-06-13 03:13:00,1.376
2023-06-13 13:15:00,1.693
2023-06-13 15:30:00,1.493
2023-06-14 03:45:00,1.456
2023-06-14 16:58:00,1.501
2023-06-14 18:29:00,1.073
2023-06-14 21:28:00,1.343
2023-06-15 08:01:00,1.108
2023-06-15 12:10:00,1.552
2023-06-15 12:49:00,1.601
2023-06-15 15:44:00,1.548
2023-06-15 22:47:00,1.297
2023-06-16 07:47:00,1.168
2023-06-16 07:57:00,1.017
2023-06-16 13:55:00,1.61
2023-06-16 16:46:00,1.542
2023-06-16 21:38:00,1.374
2023-06-16 23:18:00,1.486
2023-06-17 01:44:00,1.615
2023-06-17 03:55:00,1.515
2023-06-17 05:27:00,1.265
2023-06-17 05:44:00,1.266
2023-06-17 14:00:00,1.675
2023-06-17 15:57:00,1.617
2023-06-17 17:32:00,1.235
2023-06-18 10:00:00,1.448
2023-06-19 10:38:00,1.471
2023-06-19 19:13:00,1.115
2023-06-20 06:07:00,1.301
2023-06-20 09:53:00,1.139
2023-06-21 05:35:00,1.407
2023-06-21 22:49:00,1.261
2023-06-22 03:36:00,1.55
2023-06-22 12:38:00,1.632
2023-06-22 14:06:00,1.606
2023-06-22 21:16:00,1.387
2023-06-23 01:14:00,1.576
2023-06-23 17:40:00,1.307
2023-06-23 22:00:00,1.31
2023-06-24 01:20:00,1.633
2023-06-25 01:21:00,1.553
2023-06-25 08:04:00,0.931
2023-06-25 11:12:00,1.672
2023-06-26 08:13:00,1.096
2023-06-26 14:10:00,1.58
2023-06-26 18:55:00,1.048
2023-06-27 06:08:00,1.219
2023-06-27 06:34:00,1.24
2023-06-27 07:01:00,1.055
2023-06-27 12:04:00,1.453
2023-06-27 15:38:00,1.606
2023-06-27 17:31:00,1.118
2023-06-27 20:14:00,1.238
2023-06-27 21:07:00,1.301
2023-06-27 22:29:00,1.393
2023-06-28 08:37:00,1.038
2023-06-28 12:04:00,1.536
2023-06-28 15:12:00,1.634
2023-06-29 03:43:00,1.513
2023-06-30 10:26:00,1.554
2023-06-30 19:07:00,1.029
2023-07-01 03:29:00,1.386
2023-07-01 09:24:00,1.176
2023-07-01 20:57:00,1.193
2023-07-02 06:48:00,1.22
2023-07-02 11:39:00,1.637
2023-07-02 12:53:00,1.658
2023-07-02 14:07:00,1.563
2023-07-02 19:25:00,1.099
2023-07-03 08:12:00,1.009
2023-07-03 11:14:00,1.594
2023-07-03 20:20:00,1.219
2023-07-04 05:54:00,1.338
2023-07-04 05:57:00,1.273
2023-07-04 18:16:00,1.051
2023-07-04 22:58:00,1.344
2023-07-05 09:54:00,1.193
2023-07-05 15:08:00,1.574
2023-07-05 19:47:00,1.18
2023-07-05 21:24:00,1.297
2023-07-06 07:47:00,1.081
2023-07-06 13:04:00,1.549
2023-07-06 14:58:00,1.5
2023-07-06 20:56:00,1.289
2023-07-06 22:42:00,1.38
2023-07-07 09:30:00,1.281
2023-07-08 01:30:00,1.538
2023-07-08 03:37:00,1.526
2023-07-09 18:18:00,1.006
2023-07-10 04:34:00,1.434
2023-07-10 07:00:00,1.146
2023-07-10 17:05:00,1.223
2023-07-10 21:33:00,1.319
2023-07-11 04:05:00,1.324
2023-07-11 14:25:00,1.557
2023-07-11 19:56:00,1.031
2023-07-11 22:23:00,1.409
2023-07-12 13:11:00,1.595
2023-07-12 15:46:00,1.634
2023-07-13 00:33:00,1.587
2023-07-13 02:34:00,1.578
2023-07-13 02:36:00,1.557
2023-07-13 04:48:00,1.403
2023-07-13 07:28:00,1.083
2023-07-14 03:07:00,1.511
2023-07-15 18:15:00,1.098
2023-07-15 22:39:00,1.37
2023-07-15 23:03:00,1.383
2023-07-15 23:20:00,1.431
2023-07-16 01:18:00,1.526
2023-07-16 08:33:00,1.051
2023-07-16 16:02:00,1.504
2023-07-17 07:37:00,0.991
2023-07-17 09:46:00,1.289
2023-07-17 19:10:00,1.001
2023-07-18 03:19:00,1.524
2023-07-18 05:08:00,1.34
2023-07-18 08:57:00,1.086
2023-07-18 15:39:00,1.54
2023-07-19 11:16:00,1.548
2023-07-19 14:17:00,1.551
2023-07-19 15:51:00,1.576
2023-07-19 21:42:00,1.352
2023-07-20 19:19:00,1.123
2023-07-21 04:03:00,1.329
2023-07-21 11:04:00,1.552
2023-07-22 07:21:00,0.899
2023-07-22 23:11:00,1.525
2023-07-22 23:49:00,1.429
2023-07-23 01:59:00,1.623
2023-07-24 12:53:00,1.564
2023-07-24 14:58:00,1.617
2023-07-24 23:04:00,1.495
2023-07-24 23:15:00,1.494
2023-07-25 00:06:00,1.58
2023-07-25 00:22:00,1.528
2023-07-25 05:03:00,1.354
2023-07-25 06:45:00,1.189
2023-07-25 09:13:00,1.252
2023-07-25 14:49:00,1.541
2023-07-25 20:15:00,1.207
2023-07-25 22:31:00,1.31
2023-07-25 23:54:00,1.544
2023-07-26 02:21:00,1.614
2023-07-27 00:11:00,1.506
2023-07-27 01:10:00,1.533
2023-07-27 09:52:00,1.258
2023-07-27 13:15:00,1.564
2023-07-27 16:49:00,1.4
2023-07-28 06:58:00,1.174
2023-07-28 22:42:00,1.353
2023-07-30 01:59:00,1.571
2023-07-30 03:01:00,1.551
2023-07-30 20:11:00,1.149
2023-07-31 05:00:00,1.411
2023-07-31 16:13:00,1.509
2023-07-31 16:19:00,1.396
2023-07-31 20:27:00,1.142
2023-08-01 03:21:00,1.442
2023-08-01 06:31:00,1.196
2023-08-01 21:32:00,1.289
2023-08-02 01:42:00,1.735
2023-08-02 01:46:00,1.532
2023-08-02 17:42:00,1.274
2023-08-02 23:00:00,1.449
2023-08-03 08:56:00,1.081
2023-08-03 12:43:00,1.611
2023-08-03 18:44:00,1.055
2023-08-03 19:14:00,1.055
2023-08-03 22:11:00,1.35
2023-08-04 03:25:00,1.446
2023-08-04 05:52:00,1.331
2023-08-05 03:51:00,1.456
2023-08-05 05:39:00,1.318
2023-08-05 11:14:00,1.662
2023-08-06 22:27:00,1.298
2023-08-06 22:56:00,1.363
2023-08-07 04:16:00,1.334
2023-08-07 10:49:00,1.433
2023-08-07 12:54:00,1.633
2023-08-07 15:00:00,1.566
2023-08-08 02:21:00,1.712
2023-08-08 06:27:00,1.233
2023-08-08 12:07:00,1.603
2023-08-09 02:11:00,1.662
2023-08-09 04:53:00,1.407
2023-08-09 12:16:00,1.638
2023-08-10 04:49:00,1.422
2023-08-10 05:25:00,1.359
2023-08-10 19:18:00,1.022
2023-08-10 21:43:00,1.239
2023-08-11 04:13:00,1.433
2023-08-11 16:13:00,1.449
2023-08-12 02:38:00,1.605
2023-08-12 05:41:00,1.222
2023-08-12 10:54:00,1.47
2023-08-12 13:31:00,1.608
2023-08-12 14:54:00,1.586
2023-08-12 21:15:00,1.323
2023-08-15 04:20:00,1.398
2023-08-15 06:17:00,1.155
2023-08-15 14:16:00,1.668
2023-08-15 21:55:00,1.301
2023-08-16 02:16:00,1.535
2023-08-16 09:28:00,1.216
2023-08-16 14:07:00,1.48
2023-08-16 14:16:00,1.638
2023-08-16 15:28:00,1.596
2023-08-16 17:36:00,1.264
2023-08-17 16:10:00,1.473
2023-08-17 18:08:00,1.032
2023-08-19 11:09:00,1.613
2023-08-19 17:44:00,1.235
2023-08-20 04:00:00,1.33
2023-08-20 04:35:00,1.398
2023-08-20 09:15:00,1.2
2023-08-20 10:07:00,1.385
2023-08-20 11:42:00,1.567
2023-08-21 02:24:00,1.612
2023-08-21 05:46:00,1.222
2023-08-21 15:03:00,1.685
2023-08-21 15:59:00,1.627
2023-08-21 20:01:00,1.203
2023-08-22 01:49:00,1.611
2023-08-22 16:57:00,1.512
2023-08-22 17:13:00,1.2
2023-08-23 01:03:00,1.557
2023-08-23 05:26:00,1.33
2023-08-23 07:32:00,1.019
2023-08-23 10:10:00,1.466
2023-08-23 21:23:00,1.318
2023-08-24 00:46:00,1.569
2023-08-24 05:28:00,1.376
2023-08-24 23:00:00,1.504
2023-08-25 13:03:00,1.749
2023-08-25 19:07:00,1.014
2023-08-26 10:40:00,1.425
2023-08-27 16:54:00,1.544
2023-08-27 22:06:00,1.41
2023-08-28 01:25:00,1.526
2023-08-28 18:21:00,0.993
2023-08-28 19:14:00,1.023
2023-08-29 02:40:00,1.648
2023-08-29 06:53:00,1.145
2023-08-30 00:07:00,1.577
2023-08-30 00:30:00,1.625
2023-08-30 00:58:00,1.526
2023-08-30 03:19:00,1.447
2023-08-30 08:14:00,1.09
2023-08-30 13:34:00,1.605
2023-08-30 14:47:00,1.559
2023-08-30 16:42:00,1.432
2023-08-30 17:34:00,1.181
2023-08-30 19:32:00,1.037
2023-08-30 23:00:00,1.445
2023-08-31 11:00:00,1.597
2023-08-31 15:22:00,1.624
2023-08-31 20:15:00,1.228
2023-09-01 04:22:00,1.451
2023-09-01 14:46:00,1.653
2023-09-02 00:58:00,1.541
2023-09-02 05:59:00,1.353
2023-09-02 21:17:00,1.235
2023-09-03 05:48:00,1.294
2023-09-03 09:05:00,1.202
2023-09-04 15:37:00,1.57
2023-09-05 00:49:00,1.524
2023-09-05 06:07:00,1.191
2023-09-05 06:40:00,1.239
2023-09-05 11:49:00,1.621
2023-09-06 07:37:00,1.063
2023-09-06 14:58:00,1.578
2023-09-06 17:02:00,1.159
2023-09-06 20:08:00,1.12
2023-09-07 02:43:00,1.588
2023-09-07 12:51:00,1.634
2023-09-07 16:10:00,1.488
2023-09-08 02:55:00,1.576
2023-09-08 04:47:00,1.383
2023-09-08 05:28:00,1.278
2023-09-08 07:04:00,1.072
2023-09-08 12:48:00,1.502
2023-09-08 20:16:00,1.147
2023-09-09 01:39:00,1.576
2023-09-09 03:19:00,1.496
2023-09-09 07:52:00,1.072
2023-09-09 13:36:00,1.59
2023-09-09 14:21:00,1.602
2023-09-09 21:55:00,1.312
2023-09-10 04:51:00,1.35
2023-09-10 13:21:00,1.629
2023-09-10 19:28:00,1.062
2023-09-11 07:52:00,1.153
2023-09-11 11:49:00,1.628
2023-09-12 08:42:00,1.079
2023-09-13 04:31:00,1.326
2023-09-13 07:35:00,1.047
2023-09-13 16:07:00,1.524
2023-09-13 18:57:00,1.04
2023-09-14 01:44:00,1.609
2023-09-14 07:24:00,1.112
2023-09-14 21:51:00,1.313
2023-09-15 12:17:00,1.558
2023-09-15 15:40:00,1.655
2023-09-15 23:01:00,1.406
2023-09-16 01:10:00,1.651
2023-09-16 05:48:00,1.208
2023-09-16 11:02:00,1.561
2023-09-16 22:34:00,1.361
2023-09-17 09:50:00,1.138
2023-09-17 13:35:00,1.542
2023-09-17 16:05:00,1.448
2023-09-18 06:33:00,1.185
2023-09-18 18:37:00,1.08
2023-09-18 22:22:00,1.372
2023-09-19 04:21:00,1.301
2023-09-19 09:30:00,1.1
2023-09-19 12:42:00,1.6
2023-09-19 17:41:00,1.297
2023-09-20 12:37:00,1.604
2023-09-20 21:02:00,1.271
2023-09-20 23:06:00,1.381
2023-09-20 23:32:00,1.446
2023-09-21 00:11:00,1.589
2023-09-21 02:35:00,1.617
2023-09-21 04:13:00,1.474
2023-09-21 07:13:00,1.032
2023-09-21 13:04:00,1.61
2023-09-21 22:02:00,1.329
2023-09-22 00:34:00,1.592
2023-09-22 09:24:00,1.19
2023-09-22 16:38:00,1.409
2023-09-22 18:12:00,1.049
2023-09-23 00:54:00,1.608
2023-09-23 02:00:00,1.603
2023-09-23 12:56:00,1.625
2023-09-23 15:41:00,1.588
2023-09-23 16:34:00,1.547
2023-09-23 17:56:00,1.253
2023-09-24 03:53:00,1.498
2023-09-24 07:26:00,1.049
2023-09-24 11:05:00,1.559
2023-09-24 23:30:00,1.447
2023-09-25 03:27:00,1.477
2023-09-25 07:40:00,1.13
2023-09-25 18:58:00,1.039
2023-09-25 20:00:00,1.106
2023-09-26 04:28:00,1.408
2023-09-26 09:11:00,1.181
2023-09-26 12:32:00,1.583
2023-09-28 00:01:00,1.563
2023-09-28 00:59:00,1.589
2023-09-28 01:10:00,1.565
2023-09-28 13:44:00,1.561
2023-09-30 00:32:00,1.599
2023-09-30 05:08:00,1.347
2023-09-30 13:21:00,1.592
2023-09-30 22:04:00,1.345
2023-10-01 07:46:00,0.95
2023-10-01 11:11:00,1.613
2023-10-02 03:36:00,1.405
2023-10-02 05:56:00,1.288
2023-10-02 07:29:00,1.071
2023-10-02 09:01:00,1.256
2023-10-02 13:14:00,1.594
2023-10-02 17:35:00,1.327
2023-10-03 05:45:00,1.36
2023-10-03 07:56:00,1.081
2023-10-03 15:10:00,1.556
2023-10-03 17:01:00,1.214
2023-10-03 18:11:00,1.014
2023-10-03 18:46:00,1.151
2023-10-04 00:40:00,1.645
2023-10-04 03:31:00,1.45
2023-10-04 05:27:00,1.328
2023-10-04 05:35:00,1.342
2023-10-04 11:02:00,1.567
2023-10-04 13:55:00,1.579
2023-10-05 04:07:00,1.421
2023-10-05 11:42:00,1.597
2023-10-05 23:11:00,1.487
2023-10-06 11:06:00,1.551
2023-10-06 14:43:00,1.617
2023-10-07 01:28:00,1.579
2023-10-07 19:07:00,1.004
2023-10-08 00:02:00,1.594
2023-10-08 11:54:00,1.587
2023-10-09 04:27:00,1.366
2023-10-09 09:00:00,1.201
2023-10-09 10:43:00,1.514
2023-10-09 21:21:00,1.228
2023-10-09 21:30:00,1.306
2023-10-10 21:08:00,1.317
2023-10-11 08:05:00,1.023
2023-10-11 15:23:00,1.597
2023-10-12 09:27:00,1.219
2023-10-12 10:17:00,1.407
2023-10-12 10:54:00,1.427
2023-10-13 03:08:00,1.319
2023-10-13 08:46:00,1.113
2023-10-13 20:40:00,1.127
2023-10-14 02:06:00,1.547
2023-10-14 03:58:00,1.509
2023-10-14 04:45:00,1.338
2023-10-14 17:13:00,1.239
2023-10-14 23:13:00,1.445
2023-10-15 12:26:00,1.59
2023-10-15 20:08:00,1.216
2023-10-15 20:18:00,1.167
2023-10-15 23:01:00,1.468
2023-10-15 23:41:00,1.506
2023-10-16 00:12:00,1.525
2023-10-16 13:24:00,1.505
2023-10-16 16:54:00,1.52
2023-10-17 17:46:00,1.219
2023-10-17 18:35:00,1.048
2023-10-17 19:17:00,1.041
2023-10-17 19:43:00,1.014
2023-10-17 23:24:00,1.507
2023-10-18 04:12:00,1.353
2023-10-18 05:06:00,1.204
2023-10-18 05:59:00,1.282
2023-10-18 11:26:00,1.6
2023-10-18 14:04:00,1.628
2023-10-18 17:10:00,1.218
2023-10-18 23:34:00,1.446
2023-10-19 01:05:00,1.56
2023-10-19 01:18:00,1.706
2023-10-19 06:06:00,1.259
2023-10-19 12:48:00,1.593
2023-10-19 19:57:00,1.042
2023-10-19 21:05:00,1.363
2023-10-19 22:22:00,1.363
2023-10-20 06:53:00,1.221
2023-10-20 08:52:00,1.027
2023-10-20 08:55:00,1.127
2023-10-21 04:34:00,1.394
2023-10-21 10:03:00,1.473
2023-10-21 22:16:00,1.445
2023-10-22 00:29:00,1.616
2023-10-22 01:33:00,1.527
2023-10-22 14:49:00,1.626
2023-10-22 16:27:00,1.527
2023-10-22 21:03:00,1.32
2023-10-24 10:46:00,1.421
2023-10-25 02:40:00,1.564
2023-10-25 11:30:00,1.576
2023-10-25 15:38:00,1.59
2023-10-25 15:45:00,1.669
2023-10-25 22:18:00,1.353
2023-10-25 22:48:00,1.316
2023-10-26 02:36:00,1.604
2023-10-26 14:19:00,1.661
2023-10-26 16:07:00,1.465
2023-10-26 18:03:00,1.019
2023-10-26 23:12:00,1.452
2023-10-27 02:55:00,1.595
2023-10-27 03:46:00,1.518
2023-10-27 11:09:00,1.597
2023-10-27 12:42:00,1.584
2023-10-27 14:23:00,1.62
2023-10-27 19:45:00,1.018
2023-10-28 02:43:00,1.582
2023-10-28 05:30:00,1.347
2023-10-28 22:18:00,1.368
2023-10-29 06:19:00,1.204
2023-10-29 11:03:00,1.505
2023-10-29 13:58:00,1.666
2023-10-30 00:00:00,1.619
2023-10-30 00:49:00,1.625
2023-10-30 07:04:00,1.18
2023-10-30 23:46:00,1.508
2023-10-31 02:44:00,1.597
2023-10-31 09:55:00,1.221
2023-10-31 10:10:00,1.323
2023-10-31 20:09:00,1.321
2023-10-31 22:05:00,1.374
2023-11-01 03:01:00,1.401
2023-11-01 04:14:00,1.308
2023-11-01 08:55:00,1.067
2023-11-01 08:59:00,1.01
2023-11-01 10:52:00,1.507
2023-11-01 12:13:00,1.593
2023-11-02 03:42:00,1.523
2023-11-02 06:17:00,1.17
2023-11-02 08:11:00,1.0
2023-11-02 11:20:00,1.648
2023-11-02 11:34:00,1.481
2023-11-02 18:23:00,1.015
2023-11-02 21:29:00,1.291
2023-11-04 02:11:00,1.559
2023-11-04 10:06:00,1.421
2023-11-04 12:13:00,1.581
2023-11-04 13:59:00,1.526
2023-11-04 21:56:00,1.333
2023-11-05 03:07:00,1.445
2023-11-05 03:11:00,1.434
2023-11-05 03:36:00,1.386
2023-11-05 07:54:00,1.09
2023-11-05 20:57:00,1.127
2023-11-06 00:52:00,1.622
2023-11-06 05:50:00,1.198
2023-11-06 05:50:00,1.299
2023-11-06 12:43:00,1.528
2023-11-06 13:21:00,1.607
2023-11-06 18:21:00,1.014
2023-11-06 20:56:00,1.155
2023-11-06 22:27:00,1.32
2023-11-07 13:47:00,1.675
2023-11-07 17:59:00,1.082
2023-11-07 23:02:00,1.416
2023-11-08 03:15:00,1.454
2023-11-08 05:11:00,1.355
2023-11-08 09:35:00,1.256
2023-11-08 14:31:00,1.5
2023-11-09 00:47:00,1.535
2023-11-09 05:12:00,1.202
2023-11-09 12:53:00,1.553
2023-11-09 13:11:00,1.553
2023-11-09 13:38:00,1.556
2023-11-10 05:55:00,1.319
2023-11-10 08:49:00,1.101
2023-11-10 15:20:00,1.541
2023-11-10 21:51:00,1.359
2023-11-11 23:29:00,1.459
2023-11-12 03:40:00,1.413
2023-11-12 11:31:00,1.687
2023-11-12 12:47:00,1.697
2023-11-12 23:35:00,1.506
2023-11-13 00:40:00,1.574
2023-11-13 01:04:00,1.521
2023-11-13 06:19:00,1.2
2023-11-13 08:14:00,0.938
2023-11-13 09:08:00,1.146
2023-11-13 10:56:00,1.481
2023-11-13 19:59:00,1.139
2023-11-13 20:35:00,1.241
2023-11-14 03:38:00,1.42
2023-11-14 09:38:00,1.162
2023-11-14 12:15:00,1.499
2023-11-14 20:16:00,1.139
2023-11-15 09:50:00,1.218
2023-11-15 10:36:00,1.462
2023-11-15 14:05:00,1.669
2023-11-16 21:58:00,1.289
2023-11-17 07:46:00,0.961
2023-11-17 09:29:00,1.164
2023-11-18 00:14:00,1.607
2023-11-18 03:02:00,1.511
2023-11-18 15:50:00,1.677
2023-11-19 00:11:00,1.632
2023-11-19 04:40:00,1.356
2023-11-19 11:31:00,1.642
2023-11-19 11:52:00,1.571
2023-11-19 19:06:00,1.076
2023-11-20 01:19:00,1.601
2023-11-20 16:02:00,1.517
2023-11-20 21:15:00,1.285
2023-11-21 06:58:00,1.281
2023-11-21 08:10:00,1.069
2023-11-21 11:10:00,1.656
2023-11-21 16:35:00,1.458
2023-11-21 20:27:00,1.207
2023-11-21 22:37:00,1.373
2023-11-22 00:48:00,1.604
2023-11-22 04:32:00,1.424
2023-11-22 13:12:00,1.684
2023-11-24 00:09:00,1.549
2023-11-25 07:24:00,1.006
2023-11-25 12:40:00,1.661
2023-11-25 13:39:00,1.513
2023-11-26 06:20:00,1.226
2023-11-26 20:32:00,1.283
2023-11-27 00:23:00,1.634
2023-11-28 03:51:00,1.49
2023-11-28 09:02:00,1.32
2023-11-28 23:52:00,1.509
2023-11-29 04:32:00,1.509
2023-11-29 09:29:00,1.113
2023-11-30 01:27:00,1.598
2023-11-30 02:06:00,1.66
2023-11-30 13:01:00,1.553
2023-11-30 23:59:00,1.43
2023-12-01 04:05:00,1.408
2023-12-02 04:31:00,1.377
2023-12-02 07:54:00,1.015
2023-12-02 12:16:00,1.534
2023-12-02 16:55:00,1.387
2023-12-03 10:29:00,1.472
2023-12-04 00:49:00,1.574
2023-12-04 15:37:00,1.546
2023-12-04 17:18:00,1.128
2023-12-04 20:33:00,1.257
2023-12-04 21:22:00,1.374
2023-12-05 02:29:00,1.535
2023-12-05 07:10:00,0.964
2023-12-05 12:03:00,1.55
2023-12-06 05:01:00,1.385
2023-12-07 19:55:00,1.109
2023-12-08 01:12:00,1.63
2023-12-08 07:56:00,1.024
2023-12-08 12:11:00,1.604
2023-12-08 15:02:00,1.673
2023-12-08 18:38:00,0.971
2023-12-08 20:32:00,1.173
2023-12-09 02:09:00,1.645
2023-12-10 05:04:00,1.204
2023-12-10 07:22:00,1.091
2023-12-11 10:58:00,1.43
2023-12-11 16:21:00,1.455
2023-12-11 22:17:00,1.361
2023-12-13 16:54:00,1.567
2023-12-13 22:04:00,1.372
2023-12-14 04:50:00,1.362
2023-12-14 08:17:00,0.995
2023-12-14 12:26:00,1.66
2023-12-14 15:06:00,1.616
2023-12-15 11:37:00,1.545
2023-12-15 15:21:00,1.624
2023-12-16 01:33:00,1.658
2023-12-17 00:48:00,1.643
2023-12-17 03:56:00,1.535
2023-12-17 09:43:00,1.209
2023-12-17 10:09:00,1.51
2023-12-17 10:12:00,1.501
2023-12-17 23:07:00,1.489
2023-12-18 06:49:00,1.254
2023-12-18 11:34:00,1.589
2023-12-18 11:48:00,1.539
2023-12-19 06:07:00,1.266
2023-12-19 08:09:00,1.072
2023-12-19 12:23:00,1.564
2023-12-19 15:17:00,1.603
2023-12-19 17:15:00,1.208
2023-12-19 17:51:00,1.303
2023-12-19 21:59:00,1.376
2023-12-19 23:46:00,1.494
2023-12-20 00:50:00,1.554
2023-12-20 05:41:00,1.348
2023-12-20 20:51:00,1.169
2023-12-21 01:16:00,1.531
2023-12-21 03:19:00,1.45
2023-12-21 04:41:00,1.353
2023-12-22 07:50:00,1.016
2023-12-22 09:02:00,1.166
2023-12-22 13:04:00,1.597
2023-12-22 18:36:00,0.898
2023-12-23 08:41:00,1.078
2023-12-23 13:04:00,1.52
2023-12-23 14:48:00,1.57
2023-12-23 18:02:00,1.113
2023-12-23 21:46:00,1.493
2023-12-24 02:07:00,1.66
2023-12-24 10:49:00,1.49
2023-12-24 10:52:00,1.372
2023-12-24 18:56:00,0.986
2023-12-25 04:27:00,1.367
2023-12-25 04:53:00,1.354
2023-12-25 07:31:00,1.005
2023-12-25 20:23:00,1.166
2023-12-25 21:52:00,1.347
2023-12-27 02:48:00,1.529
2023-12-27 03:53:00,1.397
2023-12-27 05:06:00,1.248
2023-12-27 09:14:00,1.203
2023-12-27 09:58:00,1.183
2023-12-27 22:58:00,1.418
2023-12-28 01:29:00,1.629
2023-12-28 01:47:00,1.578
2023-12-28 06:49:00,1.187
2023-12-28 20:32:00,1.176
2023-12-29 11:35:00,1.6
2023-12-29 16:40:00,1.52
2023-12-29 17:50:00,1.168
2023-12-30 11:12:00,1.643
2023-12-30 15:02:00,1.704
2023-12-31 22:12:00,1.422
2024-01-01 21:58:00,1.364
2024-01-02 06:37:00,1.259
2024-01-02 07:48:00,1.054
2024-01-02 08:43:00,1.06
2024-01-02 12:46:00,1.598
2024-01-02 14:52:00,1.651
2024-01-02 22:51:00,1.379
2024-01-03 01:38:00,1.545
2024-01-03 06:05:00,1.201
2024-01-03 09:06:00,1.263
2024-01-03 10:48:00,1.398
2024-01-03 13:02:00,1.593
2024-01-03 14:05:00,1.621
2024-01-04 00:19:00,1.666
2024-01-04 06:07:00,1.178
2024-01-04 17:30:00,1.178
2024-01-04 18:36:00,1.106
2024-01-04 18:42:00,1.048
2024-01-04 23:56:00,1.449
2024-01-05 15:03:00,1.551
2024-01-05 22:10:00,1.476
2024-01-06 02:01:00,1.671
2024-01-06 03:36:00,1.437
2024-01-06 12:08:00,1.648
2024-01-06 15:45:00,1.61
2024-01-06 17:16:00,1.177
2024-01-07 04:57:00,1.383
2024-01-07 19:09:00,1.119
2024-01-07 20:03:00,1.226
2024-01-07 21:07:00,1.273
2024-01-08 07:56:00,1.06
2024-01-08 23:53:00,1.473
2024-01-09 04:07:00,1.414
2024-01-09 04:28:00,1.276
2024-01-09 10:13:00,1.458
2024-01-09 20:00:00,1.325
2024-01-09 22:41:00,1.408
2024-01-10 03:15:00,1.485
2024-01-11 04:11:00,1.312
2024-01-11 06:57:00,1.161
2024-01-11 14:34:00,1.587
2024-01-12 01:09:00,1.574
2024-01-12 04:43:00,1.343
2024-01-12 05:23:00,1.269
2024-01-12 07:17:00,1.021
2024-01-12 11:12:00,1.601
2024-01-13 05:55:00,1.301
2024-01-13 15:37:00,1.618
2024-01-14 14:59:00,1.587
2024-01-15 13:26:00,1.608
2024-01-15 22:44:00,1.336
2024-01-16 19:01:00,1.01
2024-01-17 05:42:00,1.299
2024-01-17 07:46:00,0.929
2024-01-17 12:30:00,1.636
2024-01-17 20:49:00,1.155
2024-01-18 04:37:00,1.391
2024-01-18 12:20:00,1.602
2024-01-18 14:50:00,1.668
2024-01-18 15:55:00,1.604
2024-01-18 19:42:00,1.124
2024-01-19 04:04:00,1.384
2024-01-19 04:06:00,1.36
2024-01-19 12:42:00,1.629
2024-01-19 17:50:00,1.187
2024-01-19 21:00:00,1.36
2024-01-20 08:33:00,1.077
2024-01-20 15:25:00,1.659
2024-01-20 16:07:00,1.562
2024-01-20 17:13:00,1.242
2024-01-21 01:20:00,1.522
2024-01-21 02:13:00,1.6
2024-01-21 04:40:00,1.363
2024-01-22 02:05:00,1.554
2024-01-22 05:54:00,1.376
2024-01-22 07:17:00,1.057
2024-01-22 12:35:00,1.617
2024-01-22 18:40:00,1.062
2024-01-23 00:45:00,1.649
2024-01-23 02:58:00,1.593
2024-01-23 11:34:00,1.567
2024-01-23 12:15:00,1.599
2024-01-23 17:55:00,1.213
2024-01-23 23:41:00,1.452
2024-01-24 10:49:00,1.469
2024-01-24 20:11:00,1.121
2024-01-24 23:32:00,1.427
2024-01-25 01:16:00,1.576
2024-01-25 02:08:00,1.57
2024-01-25 04:30:00,1.443
2024-01-25 12:25:00,1.592
2024-01-25 19:09:00,1.056
2024-01-25 19:35:00,1.026
2024-01-26 01:57:00,1.57
2024-01-26 02:21:00,1.595
2024-01-26 03:01:00,1.297
2024-01-26 16:32:00,1.47
2024-01-27 05:15:00,1.316
2024-01-27 10:24:00,1.543
2024-01-27 17:11:00,1.258
2024-01-27 18:41:00,1.06
2024-01-28 06:44:00,1.165
2024-01-28 17:58:00,1.283
2024-01-28 22:44:00,1.42
2024-01-29 03:00:00,1.439
2024-01-29 05:31:00,1.227
2024-01-29 14:11:00,1.548
2024-01-29 20:30:00,1.184
2024-01-29 23:07:00,1.39
2024-01-30 12:56:00,1.6
2024-01-30 23:38:00,1.396
2024-01-31 01:55:00,1.596
2024-01-31 08:52:00,1.058
2024-01-31 09:07:00,1.211
2024-01-31 12:51:00,1.602
2024-01-31 14:06:00,1.62
2024-02-01 14:54:00,1.574
2024-02-01 19:05:00,1.03
2024-02-01 21:06:00,1.331
2024-02-01 23:16:00,1.445
2024-02-02 01:30:00,1.559
2024-02-02 06:25:00,1.171
2024-02-02 20:27:00,1.186
2024-02-03 03:42:00,1.436
2024-02-03 03:42:00,1.529
2024-02-03 11:51:00,1.569
2024-02-03 18:44:00,1.1
2024-02-03 19:10:00,1.06
2024-02-04 01:24:00,1.59
2024-02-04 07:01:00,1.021
2024-02-04 16:55:00,1.599
2024-02-04 23:31:00,1.505
2024-02-05 15:05:00,1.616
2024-02-05 16:55:00,1.561
2024-02-05 20:53:00,1.19
2024-02-06 04:30:00,1.398
2024-02-06 06:24:00,1.26
2024-02-06 15:05:00,1.57
2024-02-06 18:22:00,1.001
2024-02-07 07:48:00,1.055
2024-02-07 11:59:00,1.619
2024-02-08 03:48:00,1.489
2024-02-08 06:27:00,1.186
2024-02-08 10:31:00,1.553
2024-02-08 10:40:00,1.53
2024-02-09 03:27:00,1.379
2024-02-09 16:55:00,1.505
2024-02-10 01:56:00,1.585
2024-02-10 20:32:00,1.255
2024-02-10 22:09:00,1.354
2024-02-10 22:20:00,1.435
2024-02-11 06:42:00,1.249
2024-02-11 12:03:00,1.614
2024-02-11 13:11:00,1.541
2024-02-11 17:13:00,1.178
2024-02-11 20:01:00,1.191
2024-02-12 01:46:00,1.547
2024-02-12 09:36:00,1.204
2024-02-12 16:25:00,1.439
2024-02-13 06:10:00,1.154
2024-02-14 01:29:00,1.616
2024-02-14 02:14:00,1.578
2024-02-14 02:32:00,1.523
2024-02-14 05:51:00,1.246
2024-02-14 18:20:00,1.0
2024-02-15 07:35:00,1.091
2024-02-15 18:04:00,1.109
2024-02-15 20:29:00,1.219
2024-02-16 22:37:00,1.334
2024-02-17 05:06:00,1.385
2024-02-17 08:25:00,0.949
2024-02-17 13:47:00,1.648
2024-02-18 06:59:00,1.274
2024-02-18 07:27:00,1.152
2024-02-18 07:50:00,1.007
2024-02-18 10:55:00,1.452
2024-02-18 18:12:00,1.049
2024-02-19 02:06:00,1.669
2024-02-19 06:23:00,1.246
2024-02-19 17:39:00,1.196
2024-02-19 18:14:00,1.098
2024-02-19 21:09:00,1.337
2024-02-20 05:27:00,1.366
2024-02-20 08:57:00,0.995
2024-02-20 16:04:00,1.424
2024-02-21 00:06:00,1.589
2024-02-21 14:38:00,1.53
2024-02-21 15:28:00,1.556
2024-02-21 21:00:00,1.381
2024-02-22 10:03:00,1.515
2024-02-22 12:16:00,1.608
2024-02-22 16:09:00,1.511
2024-02-23 07:12:00,1.103
2024-02-23 11:10:00,1.601
2024-02-24 04:20:00,1.399
2024-02-24 17:57:00,1.164
2024-02-24 18:54:00,1.138
2024-02-25 03:04:00,1.429
2024-02-25 04:12:00,1.383
2024-02-25 18:28:00,1.022
2024-02-25 18:50:00,1.084
2024-02-25 19:07:00,1.056
2024-02-26 03:07:00,1.421
2024-02-26 08:08:00,1.02
2024-02-28 07:31:00,1.076
2024-02-28 10:41:00,1.455
2024-02-29 17:27:00,1.256
2024-02-29 23:53:00,1.419
2024-03-01 00:04:00,1.593
2024-03-01 16:39:00,1.394
2024-03-01 22:32:00,1.429
2024-03-02 00:04:00,1.644
2024-03-02 01:58:00,1.547
2024-03-02 05:46:00,1.342
2024-03-02 05:56:00,1.3
2024-03-02 11:44:00,1.584
2024-03-03 03:18:00,1.426
2024-03-03 13:36:00,1.562
2024-03-03 13:59:00,1.607
2024-03-03 22:39:00,1.489
2024-03-04 02:37:00,1.644
2024-03-04 10:25:00,1.476
2024-03-04 11:23:00,1.591
2024-03-04 17:38:00,1.151
2024-03-04 21:21:00,1.377
2024-03-05 00:16:00,1.582
2024-03-05 02:47:00,1.582
2024-03-05 08:13:00,1.061
2024-03-05 15:19:00,1.622
2024-03-06 08:04:00,1.008
2024-03-06 16:20:00,1.533
2024-03-06 19:14:00,1.136
2024-03-07 03:23:00,1.403
2024-03-07 04:36:00,1.411
2024-03-07 16:51:00,1.441
2024-03-09 06:25:00,1.228
2024-03-09 07:58:00,0.986
2024-03-09 14:42:00,1.594
2024-03-09 19:42:00,1.008
2024-03-09 23:30:00,1.47
2024-03-10 07:36:00,1.065
2024-03-10 12:20:00,1.68
2024-03-10 13:57:00,1.608
2024-03-11 04:13:00,1.371
2024-03-11 11:31:00,1.656
2024-03-11 12:11:00,1.524
2024-03-11 19:04:00,1.094
2024-03-12 05:56:00,1.278
2024-03-12 07:43:00,1.02
2024-03-12 10:58:00,1.458
2024-03-12 19:28:00,1.076
2024-03-13 13:10:00,1.672
2024-03-13 15:11:00,1.635
2024-03-13 17:39:00,1.257
2024-03-14 12:00:00,1.585
2024-03-14 16:42:00,1.478
2024-03-14 21:23:00,1.346
2024-03-14 23:00:00,1.343
2024-03-15 06:03:00,1.183
2024-03-15 10:06:00,1.521
2024-03-15 11:07:00,1.693
2024-03-15 13:54:00,1.593
2024-03-15 21:04:00,1.296
2024-03-15 22:31:00,1.424
2024-03-16 02:12:00,1.551
2024-03-16 02:22:00,1.58
2024-03-16 06:24:00,1.251
2024-03-16 08:53:00,1.095
2024-03-17 01:50:00,1.527
2024-03-17 15:46:00,1.514
2024-03-17 19:14:00,1.04
2024-03-17 19:39:00,1.105
2024-03-17 22:38:00,1.308
2024-03-17 23:14:00,1.533
2024-03-18 00:10:00,1.552
2024-03-18 04:37:00,1.413
2024-03-18 04:50:00,1.376
2024-03-19 01:34:00,1.679
2024-03-19 04:54:00,1.372
2024-03-19 07:42:00,1.056
2024-03-19 20:18:00,1.2
2024-03-19 22:03:00,1.505
2024-03-20 00:14:00,1.673
2024-03-20 00:47:00,1.506
2024-03-20 03:21:00,1.452
2024-03-20 13:38:00,1.539
2024-03-20 13:55:00,1.606
2024-03-20 19:06:00,1.027
2024-03-21 08:39:00,1.032
2024-03-21 20:35:00,1.281
2024-03-22 07:31:00,0.992
2024-03-23 06:50:00,1.246
2024-03-23 12:45:00,1.609
2024-03-23 17:37:00,1.221
2024-03-24 03:59:00,1.406
2024-03-24 10:00:00,1.433
2024-03-24 16:45:00,1.502
2024-03-24 17:37:00,1.154
2024-03-25 01:00:00,1.574
2024-03-25 04:04:00,1.482
2024-03-25 08:22:00,1.024
2024-03-25 09:17:00,1.176
2024-03-25 16:13:00,1.386
2024-03-25 19:35:00,1.017
2024-03-25 20:41:00,1.216
2024-03-26 10:11:00,1.39
2024-03-26 13:11:00,1.55
2024-03-26 15:05:00,1.738
2024-03-26 20:33:00,1.198
2024-03-27 01:35:00,1.614
2024-03-27 04:14:00,1.401
2024-03-27 04:28:00,1.421
2024-03-27 07:28:00,1.028
2024-03-27 22:30:00,1.404
2024-03-28 00:04:00,1.555
2024-03-28 01:04:00,1.628
2024-03-28 10:32:00,1.446
2024-03-28 12:09:00,1.674
2024-03-28 22:54:00,1.376
2024-03-29 01:48:00,1.668
2024-03-29 11:13:00,1.582
2024-03-29 13:23:00,1.596
2024-03-29 13:40:00,1.636
2024-03-29 15:14:00,1.626
2024-03-29 22:29:00,1.316
2024-03-30 13:52:00,1.756
2024-03-30 16:37:00,1.451
2024-03-31 01:30:00,1.521
2024-04-01 21:11:00,1.369
2024-04-02 15:32:00,1.558
2024-04-02 16:13:00,1.468
2024-04-02 16:22:00,1.401
2024-04-02 19:39:00,1.065
2024-04-03 00:49:00,1.678
2024-04-03 05:27:00,1.193
2024-04-03 15:49:00,1.638
2024-04-03 17:30:00,1.241
2024-04-03 21:28:00,1.297
2024-04-03 21:34:00,1.15
2024-04-04 19:50:00,1.038
2024-04-05 05:13:00,1.351
2024-04-05 23:46:00,1.454
2024-04-06 11:22:00,1.552
2024-04-06 19:55:00,1.057
2024-04-07 09:10:00,1.107
2024-04-07 15:19:00,1.543
2024-04-07 16:06:00,1.394
2024-04-07 17:22:00,1.242
2024-04-07 22:46:00,1.294
2024-04-08 04:45:00,1.326
2024-04-08 06:53:00,1.25
2024-04-08 12:37:00,1.65
2024-04-09 04:22:00,1.424
2024-04-09 09:03:00,1.121
2024-04-09 09:09:00,1.215
2024-04-10 14:34:00,1.699
2024-04-10 17:17:00,1.247
2024-04-10 22:58:00,1.357
2024-04-11 07:37:00,1.046
2024-04-11 19:41:00,1.055
2024-04-12 01:44:00,1.704
2024-04-12 05:02:00,1.335
2024-04-12 09:39:00,1.173
2024-04-12 10:51:00,1.468
2024-04-12 18:01:00,1.068
2024-04-12 19:20:00,1.007
2024-04-12 21:16:00,1.305
2024-04-13 06:17:00,1.16
2024-04-13 14:51:00,1.559
2024-04-13 17:06:00,1.203
2024-04-13 20:20:00,1.22
2024-04-14 01:26:00,1.559
2024-04-14 12:48:00,1.541
2024-04-14 12:52:00,1.606
2024-04-15 05:29:00,1.252
2024-04-15 22:30:00,1.3
2024-04-16 06:16:00,1.294
2024-04-16 06:16:00,1.19
2024-04-16 09:45:00,1.211
2024-04-16 11:08:00,1.596
2024-04-16 14:38:00,1.708
2024-04-17 03:17:00,1.449
2024-04-17 07:29:00,0.986
2024-04-17 10:19:00,1.484
2024-04-17 14:18:00,1.615
2024-04-17 21:58:00,1.291
2024-04-17 22:18:00,1.343
2024-04-19 03:09:00,1.431
2024-04-19 03:09:00,1.415
2024-04-19 03:29:00,1.37
2024-04-20 06:25:00,1.225
2024-04-20 11:49:00,1.654
2024-04-20 14:03:00,1.508
2024-04-20 14:23:00,1.588
2024-04-20 19:53:00,0.933
2024-04-20 20:47:00,1.221
2024-04-21 02:35:00,1.594
2024-04-21 02:53:00,1.569
2024-04-21 11:27:00,1.612
2024-04-21 12:15:00,1.581
2024-04-21 12:40:00,1.609
2024-04-21 20:22:00,1.249
2024-04-22 10:51:00,1.503
2024-04-22 11:28:00,1.654
2024-04-22 18:56:00,1.072
2024-04-23 03:07:00,1.537
2024-04-23 03:31:00,1.514
2024-04-23 08:22:00,1.008
2024-04-23 11:45:00,1.659
2024-04-23 11:47:00,1.619
2024-04-23 15:03:00,1.55
2024-04-23 17:47:00,1.201
2024-04-23 18:52:00,1.043
2024-04-24 01:21:00,1.561
2024-04-24 01:27:00,1.554
2024-04-24 01:35:00,1.647
2024-04-24 07:04:00,1.099
2024-04-24 08:48:00,1.084
2024-04-24 17:10:00,1.195
2024-04-24 22:50:00,1.465
2024-04-25 14:56:00,1.552
2024-04-26 08:05:00,1.103
2024-04-26 09:43:00,1.171
2024-04-27 01:18:00,1.64
2024-04-27 06:46:00,1.246
2024-04-27 07:01:00,1.036
2024-04-28 07:07:00,1.049
2024-04-28 19:51:00,1.049
2024-04-29 11:41:00,1.67
2024-04-29 16:33:00,1.508
2024-04-29 20:29:00,1.317
2024-04-29 22:52:00,1.363
2024-04-30 00:03:00,1.504
2024-04-30 04:49:00,1.341
2024-04-30 10:31:00,1.488
2024-04-30 10:45:00,1.51
2024-04-30 11:29:00,1.574
2024-05-01 09:48:00,1.186
2024-05-01 19:32:00,1.03
2024-05-02 03:26:00,1.498
2024-05-02 19:55:00,1.058
2024-05-03 02:13:00,1.612
2024-05-03 03:20:00,1.46
2024-05-03 06:48:00,1.059
2024-05-03 09:51:00,1.215
2024-05-03 18:41:00,0.997
2024-05-04 03:01:00,1.386
2024-05-04 08:52:00,1.084
2024-05-05 06:35:00,1.166
2024-05-05 11:17:00,1.606
2024-05-05 15:20:00,1.565
2024-05-05 18:42:00,1.067
2024-05-05 19:22:00,1.1
2024-05-06 02:48:00,1.712
2024-05-06 12:05:00,1.7
2024-05-06 13:37:00,1.593
2024-05-06 22:43:00,1.271
2024-05-07 02:28:00,1.622
2024-05-07 15:32:00,1.67
2024-05-07 20:23:00,1.198
2024-05-08 01:02:00,1.624
2024-05-08 13:08:00,1.63
2024-05-08 13:48:00,1.618
2024-05-08 23:59:00,1.445
2024-05-09 16:30:00,1.493
2024-05-09 20:07:00,1.107
2024-05-09 21:23:00,1.308
2024-05-10 07:27:00,1.107
2024-05-10 14:59:00,1.506
2024-05-11 01:22:00,1.626
2024-05-11 20:25:00,1.243
2024-05-12 06:18:00,1.191
2024-05-12 06:51:00,1.221
2024-05-12 09:51:00,1.228
2024-05-12 16:34:00,1.537
2024-05-13 00:09:00,1.664
2024-05-13 03:51:00,1.375
2024-05-13 17:15:00,1.183
2024-05-13 20:55:00,1.145
2024-05-14 08:52:00,1.027
2024-05-14 13:47:00,1.568
2024-05-14 19:01:00,1.017
2024-05-14 23:19:00,1.473
2024-05-15 14:26:00,1.65
2024-05-15 18:24:00,0.942
2024-05-15 19:31:00,1.054
2024-05-16 07:04:00,1.136
2024-05-16 12:43:00,1.539
2024-05-17 03:31:00,1.491
2024-05-17 05:33:00,1.239
2024-05-17 08:22:00,1.073
2024-05-17 16:23:00,1.368
2024-05-18 05:19:00,1.25
2024-05-18 22:54:00,1.388
2024-05-19 09:32:00,1.253
2024-05-20 02:32:00,1.557
2024-05-20 09:35:00,1.25
2024-05-20 11:38:00,1.665
2024-05-20 13:48:00,1.598
2024-05-20 17:34:00,1.19
2024-05-21 12:43:00,1.616
2024-05-22 12:34:00,1.589
2024-05-22 16:29:00,1.417
2024-05-22 19:28:00,1.046
2024-05-23 01:20:00,1.597
2024-05-23 02:08:00,1.627
2024-05-23 17:58:00,1.138
2024-05-23 20:40:00,1.164
2024-05-24 01:58:00,1.462
2024-05-24 10:24:00,1.464
2024-05-24 14:46:00,1.51
2024-05-25 01:33:00,1.628
2024-05-25 02:53:00,1.668
2024-05-25 04:20:00,1.356
2024-05-25 10:55:00,1.465
2024-05-25 16:57:00,1.452
2024-05-27 05:20:00,1.351
2024-05-27 06:07:00,1.279
2024-05-28 07:27:00,1.059
2024-05-28 08:48:00,1.073
2024-05-28 09:34:00,1.199
2024-05-29 01:02:00,1.718
2024-05-29 01:17:00,1.578
2024-05-29 05:50:00,1.273
2024-05-29 05:52:00,1.325
2024-05-29 20:45:00,1.065
2024-05-30 08:31:00,1.042
2024-05-30 12:24:00,1.492
2024-05-30 18:30:00,1.008
2024-05-31 08:46:00,1.105
2024-05-31 16:40:00,1.454
2024-05-31 19:16:00,1.087
2024-06-01 03:19:00,1.553
2024-06-01 22:33:00,1.34
2024-06-01 23:38:00,1.421
2024-06-02 03:30:00,1.452
2024-06-02 06:17:00,1.208
2024-06-02 10:40:00,1.386
2024-06-02 15:18:00,1.584
2024-06-03 02:25:00,1.6
2024-06-03 03:53:00,1.437
2024-06-03 11:17:00,1.605
2024-06-03 20:29:00,1.255
2024-06-03 23:10:00,1.438
2024-06-04 04:30:00,1.281
2024-06-04 06:47:00,1.217
2024-06-04 12:47:00,1.647
2024-06-05 02:40:00,1.617
2024-06-05 10:03:00,1.508
2024-06-05 12:49:00,1.512
2024-06-05 16:44:00,1.445
2024-06-06 15:19:00,1.445
2024-06-07 01:45:00,1.639
2024-06-07 01:51:00,1.497
2024-06-07 09:21:00,1.219
2024-06-07 10:38:00,1.524
2024-06-07 15:44:00,1.548
2024-06-07 16:53:00,1.478
2024-06-08 04:15:00,1.414
2024-06-08 04:32:00,1.263
2024-06-08 22:37:00,1.427
2024-06-09 05:42:00,1.284
2024-06-09 13:55:00,1.507
2024-06-09 18:17:00,1.059
2024-06-10 23:56:00,1.443
2024-06-11 07:35:00,1.059
2024-06-11 19:53:00,1.035
2024-06-12 02:56:00,1.525
2024-06-12 09:57:00,1.198
2024-06-12 17:12:00,1.177
2024-06-12 19:26:00,1.075
2024-06-12 21:18:00,1.307
2024-06-13 00:59:00,1.613
2024-06-13 09:46:00,1.295
2024-06-13 13:43:00,1.597
2024-06-13 19:39:00,1.083
2024-06-13 21:46:00,1.273
2024-06-14 09:40:00,1.323
2024-06-15 02:37:00,1.624
2024-06-15 11:26:00,1.598
2024-06-15 18:05:00,1.099
2024-06-16 03:39:00,1.435
2024-06-17 08:23:00,1.004
2024-06-17 10:01:00,1.539
2024-06-17 10:07:00,1.442
2024-06-17 10:34:00,1.533
2024-06-17 16:21:00,1.464
2024-06-17 18:39:00,1.04
2024-06-17 22:22:00,1.421
2024-06-18 15:30:00,1.628
2024-06-18 20:58:00,1.241
2024-06-19 00:20:00,1.601
2024-06-19 00:31:00,1.597
2024-06-19 02:47:00,1.623
2024-06-19 16:59:00,1.478
2024-06-19 19:23:00,1.125
2024-06-20 00:51:00,1.59
2024-06-20 02:49:00,1.506
2024-06-20 19:00:00,1.027
2024-06-21 10:09:00,1.405
2024-06-21 13:49:00,1.57
2024-06-22 04:24:00,1.337
2024-06-22 12:46:00,1.537
2024-06-22 18:54:00,0.947
2024-06-22 21:17:00,1.39
2024-06-23 12:33:00,1.634
2024-06-24 04:37:00,1.416
2024-06-24 04:49:00,1.449
2024-06-24 08:25:00,1.084
2024-06-24 09:12:00,1.22
2024-06-24 13:18:00,1.606
2024-06-24 13:48:00,1.514
2024-06-24 16:49:00,1.48
2024-06-25 03:20:00,1.422
2024-06-25 15:48:00,1.638
2024-06-26 10:13:00,1.44
2024-06-26 19:13:00,1.03
2024-06-26 19:38:00,1.033
2024-06-26 21:16:00,1.356
2024-06-27 06:22:00,1.183
2024-06-27 11:05:00,1.636
2024-06-27 11:18:00,1.593
2024-06-27 12:46:00,1.653
2024-06-27 16:11:00,1.425
2024-06-27 19:54:00,1.076
2024-06-28 11:25:00,1.615
2024-06-29 06:34:00,1.295
2024-06-29 08:49:00,1.04
2024-06-29 12:33:00,1.603
2024-06-29 23:53:00,1.448
2024-06-30 00:10:00,1.606
2024-06-30 05:32:00,1.304
2024-06-30 12:09:00,1.649
2024-06-30 15:05:00,1.598
2024-07-01 02:30:00,1.66
2024-07-01 15:58:00,1.677
2024-07-01 18:15:00,1.038
2024-07-01 18:18:00,1.015
2024-07-05 03:08:00,1.543
2024-07-05 09:49:00,1.197
2024-07-05 12:27:00,1.621
2024-07-05 12:44:00,1.518
2024-07-05 17:24:00,1.28
2024-07-05 20:46:00,1.182
2024-07-06 05:34:00,1.256
2024-07-06 14:24:00,1.478
2024-07-07 01:26:00,1.592
2024-07-07 09:17:00,1.117
2024-07-07 10:50:00,1.412
2024-07-07 11:36:00,1.667
2024-07-07 16:10:00,1.539
2024-07-07 18:52:00,1.104
2024-07-08 17:32:00,1.274
2024-07-09 01:15:00,1.605
2024-07-09 10:24:00,1.396
2024-07-10 08:56:00,0.948
2024-07-10 12:59:00,1.589
2024-07-10 20:01:00,1.244
2024-07-10 21:40:00,1.296
2024-07-11 12:39:00,1.585
2024-07-11 13:21:00,1.615
2024-07-12 03:04:00,1.459
2024-07-12 04:58:00,1.426
2024-07-12 05:00:00,1.254
2024-07-12 16:36:00,1.479
2024-07-12 16:45:00,1.468
2024-07-12 21:59:00,1.292
2024-07-13 05:04:00,1.371
2024-07-13 12:13:00,1.635
2024-07-13 20:17:00,1.237
2024-07-14 02:20:00,1.56
2024-07-14 04:37:00,1.404
2024-07-14 08:34:00,1.054
2024-07-15 12:19:00,1.621
2024-07-16 21:22:00,1.237
2024-07-17 01:06:00,1.574
2024-07-17 03:10:00,1.465
2024-07-17 13:38:00,1.608
2024-07-17 18:18:00,1.042
2024-07-18 07:44:00,1.0
2024-07-18 22:58:00,1.435
2024-07-18 23:04:00,1.392
2024-07-19 10:15:00,1.453
2024-07-19 15:36:00,1.749
2024-07-19 22:28:00,1.335
2024-07-20 08:28:00,1.042
2024-07-20 12:11:00,1.599
2024-07-20 16:05:00,1.396
2024-07-21 01:40:00,1.647
2024-07-22 00:09:00,1.525
2024-07-22 10:41:00,1.515
2024-07-23 00:41:00,1.668
2024-07-23 03:41:00,1.405
2024-07-23 03:59:00,1.503
2024-07-23 08:26:00,1.045
2024-07-23 11:28:00,1.686
2024-07-24 00:00:00,1.593
2024-07-24 02:35:00,1.633
2024-07-24 02:57:00,1.687
2024-07-24 03:13:00,1.464
2024-07-24 16:11:00,1.434
2024-07-25 03:02:00,1.458
2024-07-25 03:44:00,1.407
2024-07-25 15:19:00,1.591
2024-07-25 18:34:00,1.009
2024-07-26 00:00:00,1.651
2024-07-26 01:29:00,1.539
2024-07-26 05:00:00,1.284
2024-07-27 09:42:00,1.155
2024-07-27 13:44:00,1.584
2024-07-28 23:12:00,1.495
2024-07-29 16:06:00,1.414
2024-07-30 08:26:00,1.015
2024-07-31 00:47:00,1.621
2024-07-31 19:11:00,1.064
2024-07-31 23:31:00,1.397
2024-08-01 16:33:00,1.475
2024-08-02 09:24:00,1.238
2024-08-02 20:29:00,1.086
2024-08-02 23:49:00,1.402
2024-08-03 02:31:00,1.51
2024-08-03 04:44:00,1.321
2024-08-03 12:24:00,1.59
2024-08-03 23:46:00,1.429
2024-08-04 04:27:00,1.391
2024-08-05 17:22:00,1.187
2024-08-05 21:27:00,1.289
2024-08-06 00:19:00,1.65
2024-08-06 01:12:00,1.553
2024-08-06 10:51:00,1.469
2024-08-06 12:03:00,1.619
2024-08-06 22:38:00,1.371
2024-08-08 07:50:00,1.062
2024-08-08 09:54:00,1.199
2024-08-08 11:49:00,1.583
2024-08-08 12:26:00,1.496
2024-08-08 20:09:00,1.19
2024-08-08 21:17:00,1.314
2024-08-08 22:16:00,1.3
2024-08-09 11:10:00,1.62
2024-08-09 11:18:00,1.632
2024-08-09 15:34:00,1.695
2024-08-09 16:51:00,1.38
2024-08-09 17:03:00,1.195
2024-08-09 21:18:00,1.282
2024-08-10 04:33:00,1.292
2024-08-10 05:31:00,1.318
2024-08-10 09:51:00,1.338
2024-08-10 18:45:00,1.008
2024-08-11 00:57:00,1.716
2024-08-11 04:21:00,1.442
2024-08-11 10:01:00,1.486
2024-08-11 14:19:00,1.614
2024-08-11 21:00:00,1.352
2024-08-11 22:47:00,1.238
2024-08-11 23:56:00,1.466
2024-08-12 10:07:00,1.517
2024-08-12 14:27:00,1.647
2024-08-12 20:29:00,1.131
2024-08-12 21:49:00,1.377
2024-08-13 03:10:00,1.478
2024-08-13 04:27:00,1.439
2024-08-13 09:10:00,1.215
2024-08-13 17:19:00,1.302
2024-08-13 22:42:00,1.342
2024-08-14 10:03:00,1.478
2024-08-14 10:18:00,1.472
2024-08-14 12:24:00,1.548
2024-08-14 15:23:00,1.63
2024-08-14 17:06:00,1.231
2024-08-15 03:38:00,1.347
2024-08-15 05:41:00,1.342
2024-08-15 11:38:00,1.588
2024-08-15 20:12:00,1.218
2024-08-17 04:26:00,1.403
2024-08-17 04:30:00,1.331
2024-08-17 09:48:00,1.149
2024-08-17 17:18:00,1.202
2024-08-17 20:06:00,1.204
2024-08-18 00:59:00,1.596
2024-08-18 01:18:00,1.628
2024-08-18 01:28:00,1.605
2024-08-18 04:15:00,1.325
2024-08-18 04:57:00,1.342
2024-08-18 13:37:00,1.656
2024-08-18 15:11:00,1.561
2024-08-18 22:56:00,1.294
2024-08-19 03:53:00,1.475
2024-08-19 07:55:00,1.001
2024-08-19 16:16:00,1.529
2024-08-19 18:44:00,1.012
2024-08-19 20:55:00,1.237
2024-08-19 22:26:00,1.303
2024-08-20 05:07:00,1.315
2024-08-20 15:43:00,1.645
2024-08-20 17:54:00,1.222
2024-08-21 07:53:00,1.001
2024-08-21 13:13:00,1.698
2024-08-22 00:15:00,1.594
2024-08-22 04:31:00,1.382
2024-08-22 06:49:00,1.198
2024-08-22 21:18:00,1.309
2024-08-23 05:33:00,1.285
2024-08-23 07:29:00,1.104
2024-08-23 08:20:00,1.11
2024-08-24 01:54:00,1.491
2024-08-24 05:28:00,1.322
2024-08-25 06:56:00,1.12
2024-08-25 19:45:00,0.979
2024-08-26 06:18:00,1.313
2024-08-26 08:25:00,1.054
2024-08-26 11:03:00,1.648
2024-08-26 18:53:00,1.076
2024-08-27 02:18:00,1.686
2024-08-27 03:53:00,1.44
2024-08-27 08:44:00,1.026
2024-08-27 10:42:00,1.474
2024-08-27 12:44:00,1.621
2024-08-28 01:51:00,1.616
2024-08-28 02:55:00,1.647
2024-08-29 02:40:00,1.582
2024-08-29 11:20:00,1.598
2024-08-30 00:46:00,1.594
2024-08-30 08:08:00,1.037
2024-08-30 09:13:00,1.212
2024-08-30 09:52:00,1.226
2024-08-30 10:54:00,1.465
2024-08-30 11:45:00,1.484
2024-08-30 19:18:00,1.08
2024-08-30 22:13:00,1.368
2024-08-31 15:58:00,1.613
2024-08-31 17:29:00,1.224
2024-08-31 23:10:00,1.405
2024-09-01 04:26:00,1.439
2024-09-01 09:38:00,1.195
2024-09-01 10:08:00,1.369
2024-09-01 10:36:00,1.436
2024-09-01 10:53:00,1.425
2024-09-01 14:13:00,1.617
2024-09-01 21:30:00,1.394
2024-09-02 09:24:00,1.16
2024-09-02 15:53:00,1.596
2024-09-02 19:32:00,1.069
2024-09-03 05:40:00,1.305
2024-09-03 10:05:00,1.534
2024-09-04 00:03:00,1.472
2024-09-04 09:02:00,1.237
2024-09-04 14:13:00,1.566
2024-09-05 05:02:00,1.279
2024-09-05 05:23:00,1.376
2024-09-06 03:11:00,1.326
2024-09-06 12:28:00,1.694
2024-09-06 17:31:00,1.168
2024-09-07 07:08:00,1.036
2024-09-07 11:13:00,1.573
2024-09-07 11:24:00,1.648
2024-09-07 16:16:00,1.44
2024-09-07 19:17:00,1.049
2024-09-07 20:40:00,1.195
2024-09-07 22:48:00,1.344
2024-09-08 23:24:00,1.439
2024-09-10 09:06:00,1.186
2024-09-10 22:28:00,1.36
2024-09-11 02:18:00,1.61
2024-09-11 22:05:00,1.334
2024-09-11 22:21:00,1.281
2024-09-12 17:38:00,1.251
2024-09-12 19:06:00,1.007
2024-09-13 00:52:00,1.585
2024-09-13 02:49:00,1.668
2024-09-13 07:26:00,1.128
2024-09-13 13:14:00,1.611
2024-09-13 18:29:00,1.052
2024-09-13 19:42:00,0.984
2024-09-14 06:05:00,1.226
2024-09-15 13:51:00,1.609
2024-09-15 16:01:00,1.471
2024-09-15 22:04:00,1.428
2024-09-16 02:17:00,1.617
2024-09-16 03:24:00,1.515
2024-09-16 07:29:00,1.068
2024-09-16 18:01:00,1.039
2024-09-16 21:17:00,1.276
2024-09-17 01:33:00,1.691
2024-09-17 17:20:00,1.279
2024-09-18 04:41:00,1.378
2024-09-18 12:55:00,1.55
2024-09-18 13:31:00,1.512
2024-09-18 14:39:00,1.56
2024-09-20 23:01:00,1.477
2024-09-21 04:06:00,1.29
2024-09-21 08:13:00,1.055
2024-09-21 11:49:00,1.605
2024-09-21 12:40:00,1.516
2024-09-21 13:48:00,1.561
2024-09-21 17:47:00,1.265
2024-09-22 10:47:00,1.485
2024-09-22 17:36:00,1.189
2024-09-22 22:29:00,1.441
2024-09-22 22:39:00,1.37
2024-09-22 23:13:00,1.462
2024-09-23 08:54:00,1.097
2024-09-24 14:51:00,1.607
2024-09-24 16:49:00,1.408
2024-09-26 02:41:00,1.64
2024-09-26 06:22:00,1.251
2024-09-26 06:37:00,1.221
2024-09-26 17:53:00,1.214
2024-09-27 05:36:00,1.314
2024-09-28 10:26:00,1.424
2024-09-29 00:06:00,1.625
2024-09-29 04:40:00,1.377
2024-09-29 05:57:00,1.216
2024-09-29 10:28:00,1.349
2024-09-30 03:08:00,1.533
2024-09-30 05:19:00,1.337
2024-09-30 06:42:00,1.217
2024-09-30 19:11:00,1.09
2024-09-30 19:56:00,1.086
2024-10-01 01:00:00,1.655
2024-10-01 05:52:00,1.309
2024-10-01 20:15:00,1.176
2024-10-01 21:39:00,1.368
2024-10-02 00:01:00,1.599
2024-10-02 10:09:00,1.458
2024-10-02 19:53:00,1.077
2024-10-02 21:53:00,1.338
2024-10-03 00:17:00,1.602
2024-10-03 00:47:00,1.504
2024-10-03 07:37:00,1.148
2024-10-03 11:18:00,1.6
2024-10-03 13:00:00,1.58
2024-10-03 23:11:00,1.433
2024-10-03 23:35:00,1.369
2024-10-04 07:39:00,1.046
2024-10-04 09:21:00,1.258
2024-10-04 16:07:00,1.49
2024-10-04 23:27:00,1.378
2024-10-05 00:59:00,1.551
2024-10-05 01:41:00,1.724
2024-10-05 08:29:00,1.037
2024-10-05 12:52:00,1.686
2024-10-05 17:19:00,1.209
2024-10-06 01:26:00,1.668
2024-10-06 06:14:00,1.221
2024-10-06 09:07:00,1.257
2024-10-06 23:54:00,1.451
2024-10-07 09:27:00,1.198
2024-10-07 21:13:00,1.322
2024-10-08 18:21:00,1.1
2024-10-09 12:43:00,1.648
2024-10-09 16:56:00,1.351
2024-10-10 02:10:00,1.566
2024-10-10 09:07:00,1.174
2024-10-10 18:19:00,1.111
2024-10-10 23:06:00,1.454
2024-10-12 01:50:00,1.636
2024-10-12 04:00:00,1.436
2024-10-12 07:35:00,1.066
2024-10-12 12:40:00,1.512
2024-10-12 19:47:00,1.085
2024-10-13 11:59:00,1.592
2024-10-13 16:48:00,1.473
2024-10-13 17:21:00,1.19
2024-10-13 21:12:00,1.275
2024-10-14 14:58:00,1.57
2024-10-15 02:27:00,1.585
2024-10-15 03:50:00,1.435
2024-10-15 12:40:00,1.709
2024-10-15 18:14:00,1.129
2024-10-15 18:21:00,1.113
2024-10-16 04:33:00,1.459
2024-10-16 19:00:00,1.023
2024-10-16 22:11:00,1.348
2024-10-17 13:54:00,1.6
2024-10-17 16:16:00,1.531
2024-10-18 02:08:00,1.647
2024-10-18 05:40:00,1.313
2024-10-18 20:23:00,1.231
2024-10-19 06:17:00,1.191
2024-10-19 09:03:00,1.165
2024-10-20 08:53:00,1.015
2024-10-20 13:41:00,1.64
2024-10-20 22:09:00,1.392
2024-10-21 10:01:00,1.456
2024-10-21 11:50:00,1.557
2024-10-22 12:00:00,1.664
2024-10-22 16:49:00,1.537
2024-10-23 09:59:00,1.175
2024-10-23 11:35:00,1.635
2024-10-24 07:12:00,1.049
2024-10-24 15:43:00,1.571
2024-10-24 20:40:00,1.251
2024-10-25 11:41:00,1.556
2024-10-26 01:33:00,1.689
2024-10-26 01:47:00,1.588
2024-10-26 10:32:00,1.443
2024-10-26 22:22:00,1.401
2024-10-26 23:53:00,1.44
2024-10-27 05:24:00,1.145
2024-10-27 08:00:00,1.058
2024-10-27 09:40:00,1.208
2024-10-27 17:24:00,1.23
2024-10-27 23:58:00,1.49
2024-10-28 03:08:00,1.407
2024-10-28 05:09:00,1.322
2024-10-28 09:34:00,1.169
2024-10-29 07:48:00,1.049
2024-10-29 16:41:00,1.416
2024-10-29 17:23:00,1.258
2024-10-30 00:53:00,1.601
2024-10-30 08:27:00,1.022
2024-10-30 10:35:00,1.464
2024-10-30 15:33:00,1.603
2024-10-31 09:49:00,1.228
2024-10-31 16:27:00,1.498
2024-11-01 02:06:00,1.576
2024-11-01 18:43:00,1.055
2024-11-02 20:53:00,1.176
2024-11-03 09:45:00,1.17
2024-11-03 12:05:00,1.557
2024-11-03 16:46:00,1.42
2024-11-03 17:47:00,1.187
2024-11-03 22:28:00,1.367
2024-11-04 11:45:00,1.597
2024-11-04 17:03:00,1.246
2024-11-05 08:16:00,0.967
2024-11-05 19:24:00,1.07
2024-11-05 20:40:00,1.285
2024-11-06 03:00:00,1.463
2024-11-07 04:03:00,1.362
2024-11-07 08:07:00,1.081
2024-11-07 19:09:00,1.018
2024-11-07 20:04:00,1.184
2024-11-08 03:55:00,1.427
2024-11-08 10:19:00,1.433
2024-11-09 05:13:00,1.396
2024-11-09 19:55:00,0.972
2024-11-10 05:39:00,1.311
2024-11-10 05:57:00,1.321
2024-11-10 22:12:00,1.34
2024-11-11 15:31:00,1.535
2024-11-11 17:48:00,1.253
2024-11-11 20:30:00,1.127
2024-11-11 21:55:00,1.339
2024-11-11 22:13:00,1.427
2024-11-11 22:40:00,1.385
2024-11-12 05:16:00,1.258
2024-11-12 07:02:00,1.076
2024-11-12 08:42:00,1.027
2024-11-12 12:42:00,1.628
2024-11-12 13:53:00,1.642
2024-11-12 15:59:00,1.537
2024-11-12 19:38:00,1.068
2024-11-12 20:36:00,1.183
2024-11-12 20:42:00,1.161
2024-11-12 21:11:00,1.288
2024-11-13 03:48:00,1.439
2024-11-13 05:54:00,1.292
2024-11-13 05:56:00,1.279
2024-11-13 12:03:00,1.684
2024-11-13 15:08:00,1.613
2024-11-13 16:07:00,1.409
2024-11-14 02:40:00,1.592
2024-11-14 04:04:00,1.325
2024-11-14 06:45:00,1.161
2024-11-14 10:26:00,1.467
2024-11-14 14:54:00,1.521
2024-11-15 00:42:00,1.668
2024-11-16 00:24:00,1.54
2024-11-16 09:54:00,1.22
2024-11-16 13:43:00,1.579
2024-11-16 18:46:00,0.996
2024-11-16 19:20:00,1.131
2024-11-16 21:34:00,1.345
2024-11-17 10:32:00,1.517
2024-11-17 17:24:00,1.173
2024-11-17 22:05:00,1.263
2024-11-18 13:41:00,1.586
2024-11-18 17:53:00,1.167
2024-11-19 13:42:00,1.64
2024-11-19 15:55:00,1.535
2024-11-19 17:35:00,1.215
2024-11-19 20:25:00,1.146
2024-11-20 05:36:00,1.37
2024-11-20 07:08:00,1.024
2024-11-20 11:06:00,1.65
2024-11-21 03:39:00,1.522
2024-11-21 03:47:00,1.481
2024-11-21 10:16:00,1.399
2024-11-21 11:10:00,1.618
2024-11-21 12:13:00,1.623
2024-11-22 10:31:00,1.364
2024-11-22 11:03:00,1.585
2024-11-22 13:26:00,1.558
2024-11-22 20:06:00,1.202
2024-11-22 20:12:00,1.236
2024-11-22 20:21:00,1.273
2024-11-22 21:25:00,1.299
2024-11-22 21:41:00,1.286
2024-11-22 23:30:00,1.455
2024-11-23 00:42:00,1.574
2024-11-23 02:31:00,1.515
2024-11-23 14:04:00,1.633
2024-11-24 04:06:00,1.378
2024-11-24 07:37:00,1.041
2024-11-24 09:07:00,1.267
2024-11-24 15:43:00,1.59
2024-11-24 22:13:00,1.307
2024-11-25 03:48:00,1.448
2024-11-25 13:13:00,1.522
2024-11-25 18:02:00,1.112
2024-11-25 22:35:00,1.455
2024-11-25 23:13:00,1.486
2024-11-26 16:49:00,1.42
2024-11-27 03:52:00,1.461
2024-11-27 14:11:00,1.577
2024-11-27 15:15:00,1.629
2024-11-27 16:50:00,1.444
2024-11-28 14:49:00,1.589
2024-11-28 22:04:00,1.422
2024-11-28 22:21:00,1.479
2024-11-29 01:16:00,1.628
2024-11-30 04:36:00,1.423
2024-11-30 06:28:00,1.192
2024-12-01 02:23:00,1.551
2024-12-01 08:34:00,1.106
2024-12-02 00:58:00,1.571
2024-12-02 10:12:00,1.454
2024-12-03 03:10:00,1.421
2024-12-03 04:14:00,1.454
2024-12-04 00:11:00,1.661
2024-12-04 09:00:00,1.246
2024-12-04 09:37:00,1.218
2024-12-04 10:48:00,1.445
2024-12-05 21:50:00,1.211
2024-12-06 08:25:00,1.039
2024-12-07 01:05:00,1.589
2024-12-07 05:09:00,1.324
2024-12-08 02:13:00,1.61
2024-12-08 13:50:00,1.625
2024-12-08 15:46:00,1.676
2024-12-09 04:03:00,1.379
2024-12-09 12:03:00,1.592
2024-12-09 23:33:00,1.455
2024-12-10 11:35:00,1.456
2024-12-10 11:43:00,1.663
2024-12-10 21:42:00,1.303
2024-12-10 22:11:00,1.342
2024-12-11 03:08:00,1.437
2024-12-12 01:30:00,1.512
2024-12-12 14:20:00,1.611
2024-12-12 18:47:00,1.055
2024-12-13 19:40:00,1.036
2024-12-14 05:43:00,1.272
2024-12-14 16:15:00,1.536
2024-12-15 16:22:00,1.501
2024-12-15 21:51:00,1.319
2024-12-16 02:55:00,1.519
2024-12-16 06:10:00,1.172
2024-12-16 18:42:00,1.026
2024-12-16 18:48:00,1.019
2024-12-17 02:19:00,1.564
2024-12-17 07:15:00,1.083
2024-12-17 15:23:00,1.556
2024-12-19 00:30:00,1.617
2024-12-19 14:12:00,1.622
2024-12-19 14:53:00,1.605
2024-12-19 20:16:00,1.324
2024-12-19 22:40:00,1.437
2024-12-20 10:38:00,1.432
2024-12-20 10:58:00,1.433
2024-12-20 19:44:00,1.0
2024-12-20 20:18:00,1.222
2024-12-22 02:18:00,1.611
2024-12-22 11:09:00,1.543
2024-12-22 21:55:00,1.361
2024-12-23 12:49:00,1.59
2024-12-23 15:05:00,1.609
2024-12-23 15:27:00,1.629
2024-12-23 21:13:00,1.422
2024-12-24 04:21:00,1.41
2024-12-24 05:32:00,1.326
2024-12-24 12:24:00,1.606
2024-12-24 22:24:00,1.37
2024-12-25 01:55:00,1.627
2024-12-25 03:49:00,1.473
2024-12-25 08:40:00,0.923
2024-12-25 08:57:00,0.965
2024-12-25 17:03:00,1.254
2024-12-25 20:21:00,1.104
2024-12-26 02:36:00,1.608
2024-12-27 22:30:00,1.394
2024-12-28 05:27:00,1.351
2024-12-28 10:50:00,1.468
2024-12-29 02:07:00,1.663
2024-12-30 10:11:00,1.394
2024-12-30 10:16:00,1.567
2024-12-30 18:36:00,1.046
2024-12-31 07:48:00,1.042
2024-12-31 16:17:00,1.472
2024-12-31 18:45:00,1.119
