timestamp,power_consumption_w,power_injected,is_fault
2023-01-01 06:22:00,63.506,63.506,0
2023-01-01 17:02:00,57.397,57.397,0
2023-01-02 17:10:00,61.113,61.113,0
2023-01-03 11:02:00,79.91,79.91,0
2023-01-03 14:24:00,77.984,77.984,0
2023-01-04 02:00:00,78.094,78.094,0
2023-01-04 17:22:00,61.311,61.311,0
2023-01-05 08:02:00,50.333,50.333,0
2023-01-05 18:35:00,52.825,52.825,0
2023-01-05 21:00:00,66.985,66.985,0
2023-01-06 04:31:00,68.562,68.562,0
2023-01-06 10:13:00,76.539,76.539,0
2023-01-06 11:53:00,80.572,80.572,0
2023-01-06 20:06:00,60.933,60.933,0
2023-01-06 23:33:00,70.668,70.668,0
2023-01-07 01:34:00,78.7,78.7,0
2023-01-07 10:49:00,74.257,74.257,0
2023-01-07 17:46:00,59.622,59.622,0
2023-01-07 21:10:00,63.35,63.35,0
2023-01-08 04:06:00,63.987,63.987,0
2023-01-08 13:51:00,78.693,78.693,0
2023-01-08 13:57:00,77.752,77.752,0
2023-01-08 16:13:00,74.911,74.911,0
2023-01-08 16:52:00,69.596,69.596,0
2023-01-09 03:13:00,72.362,72.362,0
2023-01-09 04:05:00,72.528,72.528,0
2023-01-09 04:37:00,68.856,68.856,0
2023-01-10 02:27:00,78.19,78.19,0
2023-01-10 04:28:00,70.942,70.942,0
2023-01-10 08:36:00,51.115,51.115,0
2023-01-11 13:27:00,82.016,82.016,0
2023-01-11 16:40:00,76.679,76.679,0
2023-01-11 23:31:00,74.763,74.763,0
2023-01-11 23:49:00,71.46,71.46,0
2023-01-12 14:31:00,80.149,80.149,0
2023-01-13 14:47:00,82.569,82.569,0
2023-01-13 17:25:00,53.487,53.487,0
2023-01-13 23:44:00,71.576,71.576,0
2023-01-14 03:50:00,73.055,73.055,0
2023-01-14 08:50:00,51.846,51.846,0
2023-01-14 08:59:00,53.924,53.924,0
2023-01-14 12:19:00,84.854,84.854,0
2023-01-14 14:57:00,81.787,81.787,0
2023-01-14 18:23:00,52.314,52.314,0
2023-01-14 19:51:00,52.639,52.639,0
2023-01-14 20:08:00,56.636,56.636,0
2023-01-14 23:31:00,75.152,75.152,0
2023-01-15 12:52:00,80.359,80.359,0
2023-01-16 03:45:00,70.594,70.594,0
2023-01-16 07:36:00,50.934,50.934,0
2023-01-16 11:37:00,79.155,79.155,0
2023-01-16 12:15:00,77.325,77.325,0
2023-01-17 03:22:00,71.858,71.858,0
2023-01-17 11:11:00,79.03,79.03,0
2023-01-17 14:32:00,79.806,79.806,0
2023-01-17 14:38:00,81.121,81.121,0
2023-01-17 18:50:00,52.891,52.891,0
2023-01-18 01:17:00,77.549,77.549,0
2023-01-18 02:57:00,75.708,75.708,0
2023-01-18 04:10:00,68.045,68.045,0
2023-01-18 06:01:00,56.372,56.372,0
2023-01-18 10:22:00,72.137,72.137,0
2023-01-18 20:39:00,61.754,61.754,0
2023-01-19 02:07:00,80.44,80.44,0
2023-01-19 02:19:00,83.426,83.426,0
2023-01-19 04:24:00,67.238,67.238,0
2023-01-19 22:31:00,70.483,70.483,0
2023-01-19 23:08:00,72.345,72.345,0
2023-01-20 04:38:00,67.864,67.864,0
2023-01-20 08:40:00,53.869,53.869,0
2023-01-20 10:21:00,74.076,74.076,0
2023-01-20 19:20:00,54.376,54.376,0
2023-01-21 07:13:00,55.603,55.603,0
2023-01-21 14:25:00,81.106,81.106,0
2023-01-21 16:28:00,71.399,71.399,0
2023-01-21 22:25:00,63.703,63.703,0
2023-01-22 05:26:00,63.96,63.96,0
2023-01-22 14:53:00,77.64,77.64,0
2023-01-23 12:01:00,80.782,80.782,0
2023-01-23 12:04:00,80.216,80.216,0
2023-01-23 20:34:00,56.111,56.111,0
2023-01-24 05:55:00,69.443,69.443,0
2023-01-24 21:01:00,69.83,69.83,0
2023-01-24 23:58:00,73.0,73.0,0
2023-01-25 06:26:00,59.916,59.916,0
2023-01-25 16:34:00,73.949,73.949,0
2023-01-26 08:11:00,47.048,47.048,0
2023-01-26 18:51:00,52.772,52.772,0
2023-01-26 23:55:00,76.232,76.232,0
2023-01-27 20:50:00,55.616,55.616,0
2023-01-28 03:49:00,69.832,69.832,0
2023-01-28 10:50:00,73.339,73.339,0
2023-01-28 11:07:00,81.951,81.951,0
2023-01-28 13:31:00,79.409,79.409,0
2023-01-28 17:25:00,63.808,63.808,0
2023-01-28 23:06:00,72.863,72.863,0
2023-01-29 01:37:00,80.093,80.093,0
2023-01-29 14:19:00,82.488,82.488,0
2023-01-29 22:12:00,65.607,65.607,0
2023-01-30 11:31:00,78.18,78.18,0
2023-01-30 12:42:00,78.284,78.284,0
2023-01-30 23:31:00,70.531,70.531,0
2023-01-31 05:12:00,64.096,64.096,0
2023-01-31 07:44:00,52.858,52.858,0
2023-01-31 12:16:00,81.359,81.359,0
2023-01-31 22:22:00,68.178,68.178,0
2023-02-01 03:48:00,70.145,70.145,0
2023-02-01 04:49:00,67.576,67.576,0
2023-02-01 06:52:00,57.021,57.021,0
2023-02-01 11:08:00,81.319,81.319,0
2023-02-01 11:09:00,81.902,81.902,0
2023-02-01 19:28:00,51.475,51.475,0
2023-02-01 19:35:00,52.324,52.324,0
2023-02-02 10:36:00,70.914,70.914,0
2023-02-02 15:08:00,81.318,81.318,0
2023-02-02 17:07:00,59.713,59.713,0
2023-02-02 21:53:00,63.648,63.648,0
2023-02-03 04:36:00,69.39,69.39,0
2023-02-04 08:46:00,50.537,50.537,0
2023-02-04 10:13:00,74.24,74.24,0
2023-02-04 11:24:00,77.67,77.67,0
2023-02-04 11:52:00,81.787,81.787,0
2023-02-04 21:10:00,63.517,63.517,0
2023-02-05 01:00:00,77.599,77.599,0
2023-02-05 14:44:00,80.23,80.23,0
2023-02-05 19:09:00,52.442,52.442,0
2023-02-05 23:48:00,77.535,77.535,0
2023-02-06 13:47:00,80.953,80.953,0
2023-02-06 20:52:00,60.417,60.417,0
2023-02-06 22:08:00,73.645,73.645,0
2023-02-06 23:59:00,73.672,73.672,0
2023-02-07 01:14:00,81.526,81.526,0
2023-02-07 06:20:00,60.329,60.329,0
2023-02-07 09:56:00,61.94,61.94,0
2023-02-07 11:13:00,81.421,81.421,0
2023-02-07 11:54:00,80.466,80.466,0
2023-02-07 19:05:00,51.48,51.48,0
2023-02-08 07:09:00,51.132,51.132,0
2023-02-08 22:28:00,67.671,67.671,0
2023-02-09 14:58:00,80.075,80.075,0
2023-02-09 15:31:00,83.537,83.537,0
2023-02-09 16:29:00,72.734,72.734,0
2023-02-09 21:52:00,64.346,64.346,0
2023-02-10 11:22:00,81.371,81.371,0
2023-02-10 12:17:00,83.588,83.588,0
2023-02-10 12:23:00,78.468,78.468,0
2023-02-10 13:57:00,76.882,76.882,0
2023-02-10 18:25:00,51.796,51.796,0
2023-02-10 18:47:00,52.514,52.514,0
2023-02-12 02:46:00,81.97,81.97,0
2023-02-12 05:05:00,63.509,63.509,0
2023-02-12 15:28:00,80.871,80.871,0
2023-02-12 19:10:00,55.347,55.347,0
2023-02-12 22:26:00,69.69,17.637280840598212,1
2023-02-12 23:58:00,73.498,73.498,0
2023-02-13 07:38:00,56.94,56.94,0
2023-02-13 09:27:00,61.765,61.765,0
2023-02-13 14:23:00,78.422,78.422,0
2023-02-13 19:09:00,54.875,54.875,0
2023-02-14 01:41:00,81.877,81.877,0
2023-02-14 03:26:00,72.157,72.157,0
2023-02-14 13:24:00,79.61,79.61,0
2023-02-15 02:03:00,78.862,78.862,0
2023-02-15 11:34:00,80.937,82.78679203151336,1
2023-02-16 09:10:00,61.967,66.44642468520651,1
2023-02-16 12:14:00,73.855,80.63816137019498,1
2023-02-17 17:22:00,56.351,67.970359205574,1
2023-02-18 20:25:00,59.28,72.88756971872799,1
2023-02-19 07:50:00,56.779,75.48729902775874,1
2023-02-19 18:21:00,50.947,50.947,0
2023-02-19 23:13:00,75.102,75.102,0
2023-02-20 02:04:00,79.235,79.235,0
2023-02-20 13:09:00,81.523,81.523,0
2023-02-21 03:24:00,73.152,73.152,0
2023-02-21 14:48:00,81.24,81.24,0
2023-02-22 00:32:00,77.819,77.819,0
2023-02-23 04:18:00,68.568,68.568,0
2023-02-23 12:52:00,82.172,82.172,0
2023-02-23 14:14:00,76.049,76.049,0
2023-02-23 15:37:00,79.976,79.976,0
2023-02-24 08:22:00,54.148,54.148,0
2023-02-24 16:46:00,71.315,71.315,0
2023-02-24 17:13:00,56.072,56.072,0
2023-02-24 21:12:00,64.533,64.533,0
2023-02-25 01:03:00,78.535,78.535,0
2023-02-25 02:43:00,79.771,79.771,0
2023-02-25 09:08:00,61.135,61.135,0
2023-02-26 06:05:00,58.694,58.694,0
2023-02-26 20:58:00,57.262,57.262,0
2023-02-26 22:00:00,68.603,68.603,0
2023-02-27 00:51:00,83.038,83.038,0
2023-02-27 06:15:00,61.199,61.199,0
2023-02-27 20:53:00,60.506,60.506,0
2023-02-27 22:25:00,68.986,68.986,0
2023-02-28 00:55:00,78.779,78.779,0
2023-02-28 05:27:00,72.077,72.077,0
2023-02-28 06:47:00,62.105,62.105,0
2023-02-28 09:51:00,60.596,60.596,0
2023-02-28 12:26:00,80.489,80.489,0
2023-02-28 12:47:00,85.188,85.188,0
2023-02-28 13:03:00,77.957,77.957,0
2023-02-28 19:31:00,53.614,53.614,0
2023-03-01 00:56:00,81.051,87.61116745881387,1
2023-03-01 10:23:00,70.572,70.572,0
2023-03-01 18:00:00,49.062,49.062,0
2023-03-01 18:57:00,51.631,51.631,0
2023-03-02 08:09:00,51.605,51.605,0
2023-03-03 06:53:00,57.824,57.824,0
2023-03-04 02:33:00,77.956,77.956,0
2023-03-04 05:35:00,65.977,14.717936552040783,1
2023-03-04 08:56:00,49.246,49.246,0
2023-03-04 11:15:00,82.805,82.805,0
2023-03-04 18:57:00,53.212,53.212,0
2023-03-05 02:28:00,86.858,86.858,0
2023-03-05 09:50:00,57.57,57.57,0
2023-03-05 10:40:00,76.141,76.141,0
2023-03-05 17:52:00,59.744,59.744,0
2023-03-06 05:32:00,64.291,64.291,0
2023-03-06 09:24:00,63.864,85.78849310079642,1
2023-03-06 13:48:00,81.671,81.671,0
2023-03-06 15:43:00,79.37,79.37,0
2023-03-06 22:42:00,66.598,94.05325428451717,1
2023-03-07 23:56:00,71.087,71.087,0
2023-03-08 12:58:00,74.741,74.741,0
2023-03-08 20:20:00,55.724,55.724,0
2023-03-08 21:20:00,67.113,67.113,0
2023-03-08 21:25:00,66.576,66.576,0
2023-03-09 09:10:00,57.911,57.911,0
2023-03-09 14:45:00,78.806,78.806,0
2023-03-09 22:13:00,68.418,68.418,0
2023-03-10 06:57:00,55.46,55.46,0
2023-03-10 15:16:00,80.108,80.108,0
2023-03-11 01:26:00,84.648,84.648,0
2023-03-11 03:22:00,71.32,71.32,0
2023-03-12 01:05:00,74.957,74.957,0
2023-03-12 07:45:00,57.634,57.634,0
2023-03-12 14:26:00,82.52,82.52,0
2023-03-12 14:45:00,81.511,81.511,0
2023-03-12 21:13:00,63.792,63.792,0
2023-03-12 22:51:00,67.026,67.026,0
2023-03-13 00:54:00,81.219,81.219,0
2023-03-13 01:56:00,77.576,77.576,0
2023-03-13 09:01:00,56.239,56.239,0
2023-03-13 13:01:00,76.596,76.596,0
2023-03-13 14:37:00,79.399,79.399,0
2023-03-13 21:12:00,66.72,66.72,0
2023-03-14 03:42:00,73.09,73.09,0
2023-03-14 04:15:00,66.024,66.024,0
2023-03-14 06:50:00,61.876,61.876,0
2023-03-14 15:32:00,76.648,76.648,0
2023-03-14 15:48:00,81.629,81.629,0
2023-03-14 18:22:00,50.205,50.205,0
2023-03-14 22:24:00,67.56,67.56,0
2023-03-14 23:20:00,74.305,74.305,0
2023-03-15 14:44:00,81.049,81.049,0
2023-03-16 03:47:00,69.838,69.838,0
2023-03-16 09:41:00,63.458,63.458,0
2023-03-16 12:19:00,75.964,75.964,0
2023-03-16 15:41:00,80.238,80.238,0
2023-03-17 16:16:00,72.352,72.352,0
2023-03-17 19:35:00,51.958,51.958,0
2023-03-18 05:13:00,69.292,69.292,0
2023-03-18 10:12:00,73.183,73.183,0
2023-03-18 14:10:00,81.701,81.701,0
2023-03-18 15:25:00,79.09,79.09,0
2023-03-19 05:38:00,66.492,66.492,0
2023-03-19 07:33:00,52.04,52.04,0
2023-03-19 09:06:00,55.614,55.614,0
2023-03-19 09:12:00,58.709,58.709,0
2023-03-19 13:08:00,80.3,80.3,0
2023-03-19 17:12:00,56.578,56.578,0
2023-03-20 08:44:00,51.666,51.666,0
2023-03-20 15:14:00,80.62,80.62,0
2023-03-20 16:57:00,75.326,75.326,0
2023-03-20 17:50:00,60.556,60.556,0
2023-03-20 18:35:00,50.155,50.155,0
2023-03-21 06:19:00,62.225,62.225,0
2023-03-21 06:38:00,59.753,59.753,0
2023-03-21 15:27:00,79.903,79.903,0
2023-03-22 01:26:00,74.451,74.451,0
2023-03-22 02:26:00,79.634,79.634,0
2023-03-22 08:25:00,52.544,52.544,0
2023-03-22 22:49:00,70.876,70.876,0
2023-03-23 07:03:00,55.525,55.525,0
2023-03-23 19:59:00,54.332,54.332,0
2023-03-23 22:19:00,67.593,67.593,0
2023-03-24 04:06:00,67.053,67.053,0
2023-03-24 12:37:00,80.472,80.472,0
2023-03-24 14:58:00,81.737,81.737,0
2023-03-25 03:16:00,71.738,71.738,0
2023-03-25 06:02:00,60.121,60.121,0
2023-03-25 11:02:00,81.99,81.99,0
2023-03-25 11:13:00,79.738,79.738,0
2023-03-25 23:44:00,67.805,67.805,0
2023-03-26 08:50:00,51.708,51.708,0
2023-03-26 15:21:00,79.632,79.632,0
2023-03-27 00:02:00,79.783,79.783,0
2023-03-27 02:19:00,75.502,75.502,0
2023-03-27 14:19:00,80.792,80.792,0
2023-03-27 15:17:00,81.355,81.355,0
2023-03-28 11:07:00,82.526,76.58421304589743,1
2023-03-28 13:01:00,82.507,73.65661692756188,1
2023-03-28 15:27:00,81.439,60.78763081438167,1
2023-03-28 15:30:00,82.083,82.083,0
2023-03-28 15:35:00,80.782,80.782,0
2023-03-28 22:29:00,73.409,73.409,0
2023-03-29 01:21:00,73.791,73.791,0
2023-03-29 15:12:00,76.773,76.773,0
2023-03-29 22:13:00,63.008,63.008,0
2023-03-30 02:36:00,78.127,78.127,0
2023-03-30 03:55:00,77.15,77.15,0
2023-03-30 15:32:00,80.039,80.039,0
2023-03-30 23:10:00,77.899,77.899,0
2023-03-30 23:55:00,67.233,67.233,0
2023-03-31 07:25:00,54.024,54.024,0
2023-04-02 09:28:00,60.138,60.138,0
2023-04-02 11:37:00,81.905,81.905,0
2023-04-02 18:58:00,50.862,50.862,0
2023-04-03 07:00:00,52.85,52.85,0
2023-04-03 10:51:00,68.787,68.787,0
2023-04-03 15:42:00,80.853,80.853,0
2023-04-03 22:34:00,68.638,68.638,0
2023-04-04 01:26:00,80.568,80.568,0
2023-04-04 05:01:00,65.44,65.44,0
2023-04-04 07:24:00,57.532,57.532,0
2023-04-04 08:13:00,51.002,51.002,0
2023-04-04 13:00:00,76.134,76.134,0
2023-04-04 18:54:00,55.492,55.492,0
2023-04-04 21:16:00,66.148,66.148,0
2023-04-05 06:14:00,61.888,61.888,0
2023-04-05 06:40:00,62.633,62.633,0
2023-04-06 23:47:00,74.53,74.53,0
2023-04-07 07:32:00,57.13,57.13,0
2023-04-07 10:44:00,70.24,70.24,0
2023-04-07 11:27:00,78.731,78.731,0
2023-04-07 12:20:00,79.056,79.056,0
2023-04-07 20:48:00,60.973,60.973,0
2023-04-08 01:10:00,76.028,76.028,0
2023-04-08 06:20:00,59.747,59.747,0
2023-04-08 06:41:00,60.052,60.052,0
2023-04-09 01:04:00,77.959,77.959,0
2023-04-09 03:46:00,70.441,70.441,0
2023-04-09 11:30:00,78.343,78.343,0
2023-04-09 15:27:00,79.322,79.322,0
2023-04-09 15:32:00,77.292,77.292,0
2023-04-10 21:24:00,67.825,67.825,0
2023-04-11 07:28:00,52.584,52.584,0
2023-04-12 04:18:00,67.352,67.352,0
2023-04-12 05:23:00,63.771,63.771,0
2023-04-12 15:17:00,79.282,79.282,0
2023-04-13 08:53:00,52.172,52.172,0
2023-04-13 13:41:00,82.526,82.526,0
2023-04-13 22:13:00,66.086,66.086,0
2023-04-14 06:27:00,64.015,64.015,0
2023-04-14 07:53:00,52.071,52.071,0
2023-04-14 10:10:00,71.196,71.196,0
2023-04-14 10:36:00,73.493,73.493,0
2023-04-14 12:29:00,81.671,81.671,0
2023-04-14 18:36:00,52.999,52.999,0
2023-04-15 03:04:00,76.781,76.781,0
2023-04-17 04:24:00,68.283,68.283,0
2023-04-17 11:26:00,79.934,79.934,0
2023-04-17 16:35:00,71.552,71.552,0
2023-04-17 17:54:00,63.052,63.052,0
2023-04-18 07:33:00,54.944,54.944,0
2023-04-19 12:13:00,81.034,81.034,0
2023-04-19 17:29:00,59.046,59.046,0
2023-04-20 03:19:00,74.805,74.805,0
2023-04-20 10:44:00,72.081,72.081,0
2023-04-21 01:01:00,79.264,79.264,0
2023-04-21 01:58:00,77.857,77.857,0
2023-04-21 10:40:00,79.426,79.426,0
2023-04-21 15:39:00,79.446,79.446,0
2023-04-21 18:14:00,51.25,51.25,0
2023-04-22 07:54:00,51.854,51.854,0
2023-04-22 14:40:00,81.55,81.55,0
2023-04-22 22:29:00,68.451,68.451,0
2023-04-23 02:52:00,80.879,80.879,0
2023-04-23 04:12:00,74.747,74.747,0
2023-04-23 08:05:00,47.537,47.537,0
2023-04-23 17:44:00,61.795,61.795,0
2023-04-23 18:37:00,48.388,48.388,0
2023-04-23 18:57:00,54.197,54.197,0
2023-04-24 05:01:00,61.909,61.909,0
2023-04-24 14:55:00,79.457,79.457,0
2023-04-24 15:09:00,81.479,81.479,0
2023-04-24 21:16:00,68.837,68.837,0
2023-04-24 22:55:00,68.503,68.503,0
2023-04-25 01:28:00,85.147,85.147,0
2023-04-25 04:36:00,65.146,16.897289026712187,1
2023-04-25 19:48:00,53.403,53.403,0
2023-04-26 08:20:00,51.894,51.894,0
2023-04-27 13:01:00,83.114,83.114,0
2023-04-27 16:18:00,74.052,74.052,0
2023-04-27 16:43:00,70.737,70.737,0
2023-04-28 15:27:00,81.246,81.246,0
2023-04-29 03:34:00,69.356,69.356,0
2023-04-29 17:14:00,60.781,60.781,0
2023-04-29 23:27:00,68.746,68.746,0
2023-04-30 12:56:00,79.094,79.094,0
2023-05-02 03:56:00,74.758,74.758,0
2023-05-02 06:45:00,61.188,61.188,0
2023-05-02 06:57:00,60.996,60.996,0
2023-05-02 10:04:00,75.75,75.75,0
2023-05-02 17:05:00,64.624,64.624,0
2023-05-02 23:05:00,68.044,68.044,0
2023-05-03 06:19:00,62.906,62.906,0
2023-05-03 11:04:00,82.252,82.252,0
2023-05-04 03:18:00,69.843,69.843,0
2023-05-04 04:11:00,64.517,64.517,0
2023-05-05 01:04:00,82.746,82.746,0
2023-05-05 03:29:00,73.859,73.859,0
2023-05-05 19:41:00,47.157,47.157,0
2023-05-06 02:58:00,80.578,80.578,0
2023-05-06 04:48:00,68.145,68.145,0
2023-05-06 14:28:00,81.029,81.029,0
2023-05-06 23:32:00,72.999,72.999,0
2023-05-07 05:32:00,61.755,61.755,0
2023-05-07 15:12:00,84.93,84.93,0
2023-05-07 15:13:00,77.002,77.002,0
2023-05-08 09:20:00,59.362,59.362,0
2023-05-09 07:55:00,52.941,52.941,0
2023-05-09 08:47:00,49.853,49.853,0
2023-05-09 11:22:00,77.211,77.211,0
2023-05-09 16:35:00,74.271,74.271,0
2023-05-09 23:01:00,73.887,73.887,0
2023-05-10 08:38:00,57.399,89.76801674389029,1
2023-05-10 17:13:00,61.784,61.784,0
2023-05-10 21:59:00,66.459,66.459,0
2023-05-11 03:40:00,76.751,76.751,0
2023-05-11 23:26:00,71.317,71.317,0
2023-05-12 05:42:00,65.06,65.06,0
2023-05-12 18:11:00,57.138,57.138,0
2023-05-12 18:17:00,53.296,53.296,0
2023-05-12 20:47:00,61.477,61.477,0
2023-05-13 04:48:00,70.24,70.24,0
2023-05-13 04:55:00,70.178,70.178,0
2023-05-13 19:22:00,56.437,56.437,0
2023-05-14 03:34:00,72.869,72.869,0
2023-05-14 13:52:00,78.818,78.818,0
2023-05-14 16:09:00,73.251,73.251,0
2023-05-14 16:22:00,79.405,79.405,0
2023-05-14 22:54:00,65.186,65.186,0
2023-05-15 06:12:00,62.095,62.095,0
2023-05-15 07:00:00,51.331,51.331,0
2023-05-15 10:13:00,73.476,73.476,0
2023-05-15 11:05:00,83.848,83.848,0
2023-05-15 22:57:00,68.504,68.504,0
2023-05-16 05:40:00,62.999,62.999,0
2023-05-16 06:44:00,58.562,58.562,0
2023-05-16 21:48:00,64.905,64.905,0
2023-05-16 22:56:00,66.706,66.706,0
2023-05-17 10:24:00,75.232,75.232,0
2023-05-17 13:39:00,79.225,79.225,0
2023-05-18 04:12:00,66.982,66.982,0
2023-05-18 07:40:00,53.89,53.89,0
2023-05-18 09:01:00,64.54,64.54,0
2023-05-18 19:28:00,55.484,55.484,0
2023-05-19 07:34:00,54.291,54.291,0
2023-05-19 07:49:00,57.867,57.867,0
2023-05-19 11:38:00,81.387,81.387,0
2023-05-19 18:20:00,50.855,50.855,0
2023-05-20 01:14:00,78.534,78.534,0
2023-05-20 03:31:00,74.195,74.195,0
2023-05-20 15:22:00,78.029,78.029,0
2023-05-20 15:52:00,73.451,73.451,0
2023-05-20 17:54:00,57.629,57.629,0
2023-05-20 20:24:00,62.818,90.66183732567069,1
2023-05-20 20:37:00,61.391,61.391,0
2023-05-21 01:05:00,81.574,81.574,0
2023-05-21 03:16:00,69.384,69.384,0
2023-05-21 03:37:00,70.2,70.2,0
2023-05-21 10:07:00,72.333,72.333,0
2023-05-21 14:14:00,79.255,79.255,0
2023-05-21 19:10:00,54.336,54.336,0
2023-05-22 11:58:00,79.428,79.428,0
2023-05-22 22:17:00,70.901,70.901,0
2023-05-23 01:47:00,82.006,82.006,0
2023-05-23 01:50:00,83.844,83.844,0
2023-05-23 13:03:00,81.867,81.867,0
2023-05-23 13:35:00,81.218,81.218,0
2023-05-23 23:51:00,68.964,68.964,0
2023-05-25 14:58:00,78.297,78.297,0
2023-05-25 16:48:00,76.78,76.78,0
2023-05-25 18:32:00,51.925,51.925,0
2023-05-27 08:54:00,50.103,50.103,0
2023-05-27 11:31:00,78.173,78.173,0
2023-05-27 20:00:00,57.633,57.633,0
2023-05-27 20:09:00,62.431,62.431,0
2023-05-28 05:46:00,65.654,65.654,0
2023-05-28 06:24:00,60.983,60.983,0
2023-05-28 09:05:00,60.469,60.469,0
2023-05-28 09:23:00,59.6,59.6,0
2023-05-28 10:48:00,75.209,75.209,0
2023-05-29 02:30:00,79.563,79.563,0
2023-05-30 00:06:00,78.843,78.843,0
2023-05-30 01:03:00,78.959,78.959,0
2023-05-30 03:48:00,65.375,65.375,0
2023-05-30 09:34:00,58.998,58.998,0
2023-05-30 15:50:00,77.289,77.289,0
2023-05-31 05:46:00,64.508,64.508,0
2023-05-31 07:03:00,54.739,54.739,0
2023-05-31 16:30:00,72.299,72.299,0
2023-05-31 18:38:00,50.477,50.477,0
2023-06-01 16:43:00,72.307,72.307,0
2023-06-01 19:07:00,55.15,55.15,0
2023-06-02 05:59:00,64.391,64.391,0
2023-06-02 11:53:00,82.823,82.823,0
2023-06-02 12:39:00,82.381,82.381,0
2023-06-02 19:05:00,53.147,53.147,0
2023-06-03 01:50:00,81.437,81.437,0
2023-06-03 02:29:00,80.292,80.292,0
2023-06-04 05:20:00,64.967,64.967,0
2023-06-04 22:43:00,68.548,68.548,0
2023-06-05 06:49:00,60.703,60.703,0
2023-06-05 22:39:00,66.501,66.501,0
2023-06-06 16:29:00,69.908,69.908,0
2023-06-07 03:32:00,73.003,73.003,0
2023-06-07 07:40:00,52.805,52.805,0
2023-06-07 15:44:00,77.178,77.178,0
2023-06-08 05:57:00,66.972,66.972,0
2023-06-08 12:40:00,78.454,78.454,0
2023-06-09 12:25:00,78.88,78.88,0
2023-06-09 13:01:00,83.36,83.36,0
2023-06-09 20:44:00,58.972,58.972,0
2023-06-10 06:50:00,62.067,62.067,0
2023-06-10 07:35:00,55.578,55.578,0
2023-06-10 11:53:00,75.689,75.689,0
2023-06-11 02:13:00,77.563,77.563,0
2023-06-11 03:54:00,68.908,68.908,0
2023-06-11 06:15:00,61.904,61.904,0
2023-06-11 21:25:00,65.229,12.930014631309037,1
2023-06-11 22:58:00,67.064,67.064,0
2023-06-12 04:39:00,69.558,69.558,0
2023-06-12 16:16:00,77.693,77.693,0
2023-06-12 22:20:00,66.897,66.897,0
2023-06-13 01:30:00,82.981,82.981,0
2023-06-13 02:32:00,76.452,76.452,0
2023-06-13 15:08:00,80.093,80.093,0
2023-06-14 05:25:00,67.822,67.822,0
2023-06-14 17:37:00,63.343,63.343,0
2023-06-15 03:22:00,72.373,72.373,0
2023-06-15 17:30:00,62.85,62.85,0
2023-06-16 16:56:00,72.455,72.455,0
2023-06-17 16:26:00,72.12,72.12,0
2023-06-17 20:38:00,59.45,59.45,0
2023-06-18 06:40:00,60.887,60.887,0
2023-06-18 11:08:00,83.654,83.654,0
2023-06-19 04:20:00,69.558,69.558,0
2023-06-19 10:37:00,74.265,74.265,0
2023-06-19 18:51:00,52.157,52.157,0
2023-06-20 02:09:00,79.755,79.755,0
2023-06-20 07:29:00,53.986,53.986,0
2023-06-20 14:54:00,78.395,78.395,0
2023-06-20 22:08:00,67.089,67.089,0
2023-06-21 02:29:00,78.728,78.728,0
2023-06-21 03:05:00,74.6,74.6,0
2023-06-21 11:13:00,76.108,76.108,0
2023-06-21 12:19:00,83.157,83.157,0
2023-06-21 22:33:00,68.947,68.947,0
2023-06-22 12:37:00,78.289,78.289,0
2023-06-22 21:50:00,69.841,69.841,0
2023-06-23 00:43:00,79.688,79.688,0
2023-06-23 04:49:00,67.421,67.421,0
2023-06-23 09:17:00,58.287,58.287,0
2023-06-23 16:04:00,73.861,73.861,0
2023-06-23 19:09:00,50.782,50.782,0
2023-06-24 04:55:00,70.984,70.984,0
2023-06-24 21:28:00,67.384,67.384,0
2023-06-25 03:51:00,69.479,69.479,0
2023-06-25 13:20:00,80.684,80.684,0
2023-06-25 17:32:00,60.911,60.911,0
2023-06-25 20:14:00,60.371,60.371,0
2023-06-27 04:28:00,68.537,68.537,0
2023-06-27 08:20:00,48.555,48.555,0
2023-06-27 11:54:00,80.195,80.195,0
2023-06-27 16:45:00,72.157,72.157,0
2023-06-27 17:27:00,58.989,58.989,0
2023-06-27 20:50:00,58.388,58.388,0
2023-06-28 00:34:00,80.899,80.899,0
2023-06-28 12:50:00,80.871,80.871,0
2023-06-28 14:48:00,81.58,81.58,0
2023-06-29 05:30:00,66.777,66.777,0
2023-06-29 06:36:00,60.949,60.949,0
2023-06-29 07:02:00,57.805,57.805,0
2023-06-29 21:47:00,63.286,63.286,0
2023-06-30 08:36:00,51.251,51.251,0
2023-06-30 15:24:00,80.532,80.532,0
2023-07-01 14:17:00,80.7,80.7,0
2023-07-02 10:48:00,76.182,76.182,0
2023-07-03 00:35:00,82.689,82.689,0
2023-07-03 08:59:00,52.292,52.292,0
2023-07-03 10:31:00,67.842,67.842,0
2023-07-03 14:10:00,81.999,81.999,0
2023-07-04 01:21:00,80.314,80.314,0
2023-07-04 03:06:00,71.389,71.389,0
2023-07-04 09:11:00,61.061,61.061,0
2023-07-04 10:16:00,76.143,76.143,0
2023-07-04 16:40:00,72.211,72.211,0
2023-07-07 13:30:00,80.681,80.681,0
2023-07-07 19:30:00,51.846,51.846,0
2023-07-07 23:13:00,73.25,73.25,0
2023-07-08 13:22:00,77.502,77.502,0
2023-07-08 22:33:00,72.115,72.115,0
2023-07-09 14:51:00,83.455,83.455,0
2023-07-09 18:45:00,51.476,51.476,0
2023-07-09 19:10:00,52.377,52.377,0
2023-07-09 23:21:00,70.401,70.401,0
2023-07-09 23:52:00,69.818,69.818,0
2023-07-10 00:43:00,76.694,76.694,0
2023-07-10 01:22:00,81.092,81.092,0
2023-07-10 02:50:00,78.777,78.777,0
2023-07-10 16:06:00,75.691,75.691,0
2023-07-10 20:53:00,62.573,62.573,0
2023-07-11 16:21:00,70.187,70.187,0
2023-07-12 16:17:00,74.425,74.425,0
2023-07-12 18:04:00,50.772,50.772,0
2023-07-12 23:47:00,70.314,70.314,0
2023-07-13 09:58:00,60.993,60.993,0
2023-07-13 10:01:00,73.518,73.518,0
2023-07-13 12:58:00,81.706,81.706,0
2023-07-13 15:15:00,82.311,82.311,0
2023-07-13 17:01:00,60.773,60.773,0
2023-07-14 02:09:00,76.619,76.619,0
2023-07-14 02:56:00,76.178,76.178,0
2023-07-14 08:03:00,55.332,55.332,0
2023-07-14 13:30:00,77.34,77.34,0
2023-07-14 14:14:00,74.324,74.324,0
2023-07-14 20:23:00,63.683,63.683,0
2023-07-14 22:20:00,62.514,62.514,0
2023-07-15 06:27:00,61.341,61.341,0
2023-07-15 19:32:00,49.914,49.914,0
2023-07-15 21:15:00,69.506,69.506,0
2023-07-16 03:27:00,71.069,71.069,0
2023-07-16 16:16:00,73.563,73.563,0
2023-07-16 18:40:00,49.632,49.632,0
2023-07-16 22:04:00,66.26,66.26,0
2023-07-17 05:30:00,68.165,68.165,0
2023-07-17 12:30:00,83.96,83.96,0
2023-07-17 18:27:00,57.159,57.159,0
2023-07-18 08:48:00,53.627,53.627,0
2023-07-18 22:33:00,67.031,67.031,0
2023-07-19 04:05:00,67.428,67.428,0
2023-07-19 06:26:00,59.857,59.857,0
2023-07-19 07:14:00,48.262,48.262,0
2023-07-19 13:13:00,80.452,80.452,0
2023-07-19 13:43:00,72.559,72.559,0
2023-07-20 05:17:00,69.092,69.092,0
2023-07-20 14:42:00,78.79,7.199679615714515,1
2023-07-20 20:58:00,66.051,66.051,0
2023-07-21 04:12:00,64.885,64.885,0
2023-07-21 09:02:00,62.6,62.6,0
2023-07-21 15:10:00,77.992,77.992,0
2023-07-21 19:14:00,53.75,53.75,0
2023-07-21 21:13:00,67.081,67.081,0
2023-07-22 02:07:00,78.767,78.767,0
2023-07-22 17:06:00,58.814,58.814,0
2023-07-22 20:54:00,60.416,60.416,0
2023-07-23 01:46:00,82.801,82.801,0
2023-07-25 10:17:00,73.744,73.744,0
2023-07-25 12:35:00,78.218,78.218,0
2023-07-26 00:22:00,81.333,81.333,0
2023-07-26 05:52:00,63.542,63.542,0
2023-07-26 06:14:00,58.817,58.817,0
2023-07-26 12:08:00,78.536,78.536,0
2023-07-26 17:31:00,64.219,64.219,0
2023-07-26 20:58:00,63.985,63.985,0
2023-07-27 05:35:00,63.324,63.324,0
2023-07-27 06:07:00,59.784,59.784,0
2023-07-27 13:19:00,79.86,79.86,0
2023-07-27 18:43:00,53.689,53.689,0
2023-07-28 19:46:00,53.31,53.31,0
2023-07-28 21:22:00,63.547,63.547,0
2023-07-29 00:20:00,86.622,86.622,0
2023-07-29 03:14:00,74.909,74.909,0
2023-07-29 10:16:00,69.513,69.513,0
2023-07-29 12:01:00,84.852,84.852,0
2023-07-29 18:53:00,49.091,49.091,0
2023-07-29 21:46:00,67.425,67.425,0
2023-07-31 08:38:00,51.786,51.786,0
2023-07-31 12:42:00,78.352,78.352,0
2023-07-31 16:24:00,76.083,76.083,0
2023-08-01 08:04:00,56.355,56.355,0
2023-08-01 17:21:00,63.308,63.308,0
2023-08-01 23:17:00,70.759,70.759,0
2023-08-01 23:33:00,72.356,72.356,0
2023-08-02 07:56:00,50.254,50.254,0
2023-08-02 08:59:00,54.15,54.15,0
2023-08-02 11:01:00,81.907,81.907,0
2023-08-02 18:35:00,51.076,51.076,0
2023-08-03 01:10:00,80.867,80.867,0
2023-08-03 12:28:00,79.742,79.742,0
2023-08-03 14:26:00,82.816,82.816,0
2023-08-03 19:24:00,54.543,54.543,0
2023-08-04 06:06:00,63.035,63.035,0
2023-08-04 13:47:00,80.715,80.715,0
2023-08-05 09:25:00,60.005,60.005,0
2023-08-05 09:31:00,62.715,62.715,0
2023-08-05 12:05:00,80.475,80.475,0
2023-08-05 13:22:00,77.867,77.867,0
2023-08-05 22:20:00,70.329,70.329,0
2023-08-06 01:44:00,80.038,80.038,0
2023-08-06 08:48:00,51.086,51.086,0
2023-08-06 16:02:00,74.75,74.75,0
2023-08-07 01:40:00,82.402,82.402,0
2023-08-07 05:24:00,63.253,63.253,0
2023-08-07 09:01:00,58.462,58.462,0
2023-08-07 23:55:00,70.544,70.544,0
2023-08-08 04:22:00,65.455,65.455,0
2023-08-08 09:43:00,55.407,55.407,0
2023-08-08 22:04:00,65.945,65.945,0
2023-08-08 22:18:00,70.016,70.016,0
2023-08-09 06:06:00,62.612,62.612,0
2023-08-09 10:48:00,70.145,70.145,0
2023-08-10 17:04:00,60.805,60.805,0
2023-08-10 17:21:00,62.509,62.509,0
2023-08-11 09:37:00,61.771,61.771,0
2023-08-11 11:38:00,79.161,79.161,0
2023-08-11 23:02:00,69.013,69.013,0
2023-08-12 20:13:00,63.265,63.265,0
2023-08-13 04:44:00,65.048,65.048,0
2023-08-13 05:00:00,62.111,62.111,0
2023-08-13 07:38:00,54.023,54.023,0
2023-08-13 07:47:00,52.417,52.417,0
2023-08-13 08:34:00,49.101,49.101,0
2023-08-14 01:44:00,79.85,79.85,0
2023-08-14 07:45:00,52.364,52.364,0
2023-08-14 09:35:00,64.396,64.396,0
2023-08-14 10:40:00,71.667,71.667,0
2023-08-14 12:54:00,79.858,79.858,0
2023-08-14 19:02:00,51.993,51.993,0
2023-08-15 11:26:00,79.465,79.465,0
2023-08-15 15:09:00,82.195,82.195,0
2023-08-16 02:48:00,80.191,80.191,0
2023-08-16 15:08:00,77.827,77.827,0
2023-08-17 01:29:00,82.178,82.178,0
2023-08-17 03:26:00,69.267,69.267,0
2023-08-17 11:52:00,77.75,77.75,0
2023-08-17 22:03:00,64.661,64.661,0
2023-08-18 02:12:00,81.16,81.16,0
2023-08-18 03:29:00,73.588,73.588,0
2023-08-18 05:45:00,63.823,63.823,0
2023-08-18 08:56:00,53.469,53.469,0
2023-08-18 11:09:00,80.095,80.095,0
2023-08-18 16:13:00,75.156,75.156,0
2023-08-18 16:51:00,71.889,71.889,0
2023-08-19 21:02:00,68.473,68.473,0
2023-08-20 03:40:00,72.92,72.92,0
2023-08-20 09:39:00,60.492,60.492,0
2023-08-20 13:38:00,85.061,85.061,0
2023-08-20 20:52:00,64.196,64.196,0
2023-08-21 02:18:00,81.02,81.02,0
2023-08-21 19:42:00,54.37,54.37,0
2023-08-22 01:43:00,78.002,78.002,0
2023-08-22 02:49:00,78.641,78.641,0
2023-08-22 04:47:00,68.102,68.102,0
2023-08-22 10:44:00,67.536,67.536,0
2023-08-22 12:08:00,77.416,77.416,0
2023-08-22 16:03:00,79.012,79.012,0
2023-08-22 20:02:00,58.286,58.286,0
2023-08-23 05:42:00,66.518,66.518,0
2023-08-23 08:17:00,54.006,54.006,0
2023-08-23 09:06:00,66.923,66.923,0
2023-08-23 19:05:00,58.045,58.045,0
2023-08-24 04:34:00,68.936,68.936,0
2023-08-24 11:02:00,79.649,79.649,0
2023-08-25 03:00:00,71.892,71.892,0
2023-08-25 03:19:00,73.745,73.745,0
2023-08-25 20:05:00,63.401,63.401,0
2023-08-26 02:08:00,77.06,77.06,0
2023-08-26 10:43:00,73.818,73.818,0
2023-08-26 13:11:00,80.065,80.065,0
2023-08-26 19:31:00,53.877,53.877,0
2023-08-27 10:48:00,72.24,72.24,0
2023-08-28 03:50:00,68.117,68.117,0
2023-08-28 05:24:00,69.096,69.096,0
2023-08-28 08:03:00,53.584,53.584,0
2023-08-28 12:43:00,83.791,83.791,0
2023-08-28 21:19:00,67.328,67.328,0
2023-08-29 08:10:00,52.892,52.892,0
2023-08-30 08:39:00,53.655,53.655,0
2023-08-30 19:18:00,57.333,57.333,0
2023-08-31 15:34:00,78.788,78.788,0
2023-08-31 19:54:00,55.963,55.963,0
2023-09-01 06:19:00,61.945,61.945,0
2023-09-01 19:45:00,55.437,55.437,0
2023-09-02 00:02:00,78.145,78.145,0
2023-09-02 17:55:00,60.303,60.303,0
2023-09-03 00:05:00,76.91,76.91,0
2023-09-03 12:47:00,76.426,76.426,0
2023-09-03 13:50:00,77.457,77.457,0
2023-09-03 17:28:00,61.242,61.242,0
2023-09-03 22:20:00,72.063,72.063,0
2023-09-04 00:36:00,79.31,79.31,0
2023-09-04 05:11:00,63.889,63.889,0
2023-09-04 07:22:00,49.33,49.33,0
2023-09-04 17:04:00,59.86,59.86,0
2023-09-04 17:44:00,61.003,61.003,0
2023-09-04 18:14:00,51.345,51.345,0
2023-09-05 02:00:00,82.786,82.786,0
2023-09-05 02:58:00,79.278,79.278,0
2023-09-05 05:51:00,64.57,64.57,0
2023-09-05 13:31:00,78.804,78.804,0
2023-09-05 15:33:00,81.215,81.215,0
2023-09-08 06:54:00,62.718,62.718,0
2023-09-08 12:53:00,83.014,83.014,0
2023-09-08 17:54:00,60.989,60.989,0
2023-09-08 19:26:00,53.58,53.58,0
2023-09-08 22:50:00,69.484,69.484,0
2023-09-09 18:46:00,50.856,50.856,0
2023-09-10 20:17:00,65.479,65.479,0
2023-09-11 02:55:00,75.371,75.371,0
2023-09-11 09:18:00,57.608,57.608,0
2023-09-12 04:58:00,67.067,67.067,0
2023-09-12 08:05:00,53.644,53.644,0
2023-09-12 13:22:00,78.526,78.526,0
2023-09-12 19:52:00,56.798,56.798,0
2023-09-12 20:40:00,60.793,60.793,0
2023-09-12 22:28:00,70.053,70.053,0
2023-09-13 00:50:00,74.892,74.892,0
2023-09-13 05:32:00,65.054,65.054,0
2023-09-13 13:38:00,78.799,78.799,0
2023-09-13 16:32:00,69.899,69.899,0
2023-09-14 05:38:00,68.411,68.411,0
2023-09-14 20:56:00,58.993,58.993,0
2023-09-15 12:38:00,80.399,80.399,0
2023-09-15 13:33:00,80.223,80.223,0
2023-09-15 16:26:00,69.538,69.538,0
2023-09-16 08:58:00,50.253,50.253,0
2023-09-16 10:48:00,74.894,74.894,0
2023-09-16 14:06:00,80.698,80.698,0
2023-09-16 15:25:00,76.939,88.94808277110863,1
2023-09-16 22:46:00,67.065,67.065,0
2023-09-17 03:41:00,72.805,72.805,0
2023-09-17 20:55:00,58.587,58.587,0
2023-09-17 23:16:00,71.491,71.491,0
2023-09-18 01:47:00,76.129,76.129,0
2023-09-18 13:34:00,80.025,80.025,0
2023-09-18 14:40:00,81.809,81.809,0
2023-09-18 15:58:00,79.129,79.129,0
2023-09-19 10:16:00,72.684,72.684,0
2023-09-20 10:18:00,68.666,68.666,0
2023-09-20 11:13:00,79.263,79.263,0
2023-09-21 08:13:00,50.8,50.8,0
2023-09-22 14:06:00,77.961,77.961,0
2023-09-22 15:14:00,75.688,75.688,0
2023-09-22 16:43:00,72.77,72.77,0
2023-09-22 21:18:00,65.415,65.415,0
2023-09-23 03:49:00,69.657,69.657,0
2023-09-23 05:27:00,68.586,68.586,0
2023-09-23 14:14:00,77.648,77.648,0
2023-09-23 14:51:00,79.173,79.173,0
2023-09-24 04:45:00,65.498,65.498,0
2023-09-24 16:02:00,71.973,71.973,0
2023-09-25 02:01:00,82.004,82.004,0
2023-09-25 05:31:00,67.254,67.254,0
2023-09-25 07:34:00,52.621,52.621,0
2023-09-25 21:26:00,67.354,67.354,0
2023-09-25 21:31:00,68.053,68.053,0
2023-09-25 22:12:00,70.021,70.021,0
2023-09-25 23:47:00,69.975,8.810211956297929,1
2023-09-26 00:41:00,72.648,72.648,0
2023-09-26 01:41:00,74.983,74.983,0
2023-09-26 19:51:00,51.59,51.59,0
2023-09-27 04:59:00,70.112,70.112,0
2023-09-27 09:26:00,61.553,61.553,0
2023-09-27 12:08:00,81.492,81.492,0
2023-09-27 15:02:00,77.515,77.515,0
2023-09-27 16:22:00,75.184,75.184,0
2023-09-27 20:04:00,62.822,62.822,0
2023-09-28 07:24:00,56.405,56.405,0
2023-09-28 10:11:00,75.928,75.928,0
2023-09-28 12:53:00,80.225,80.225,0
2023-09-29 07:35:00,55.196,55.196,0
2023-09-29 13:23:00,78.965,78.965,0
2023-09-29 20:31:00,54.732,54.732,0
2023-09-30 04:47:00,76.364,76.364,0
2023-09-30 22:40:00,66.389,66.389,0
2023-10-01 03:13:00,73.334,73.334,0
2023-10-01 12:04:00,77.098,77.098,0
2023-10-02 11:38:00,83.694,83.694,0
2023-10-03 20:45:00,59.812,59.812,0
2023-10-04 06:37:00,61.415,61.415,0
2023-10-04 11:07:00,78.486,78.486,0
2023-10-04 12:07:00,83.1,83.1,0
2023-10-04 13:59:00,80.532,80.532,0
2023-10-05 06:23:00,60.219,60.219,0
2023-10-05 08:28:00,55.027,55.027,0
2023-10-06 06:25:00,62.609,62.609,0
2023-10-06 18:07:00,53.637,53.637,0
2023-10-07 03:55:00,74.616,74.616,0
2023-10-07 05:49:00,62.767,62.767,0
2023-10-07 15:44:00,76.806,76.806,0
2023-10-07 17:31:00,62.914,62.914,0
2023-10-08 02:06:00,82.606,82.606,0
2023-10-08 07:28:00,52.285,52.285,0
2023-10-08 18:46:00,50.259,50.259,0
2023-10-09 02:29:00,80.897,80.897,0
2023-10-09 20:07:00,60.888,60.888,0
2023-10-10 17:36:00,60.72,60.72,0
2023-10-10 22:22:00,66.908,66.908,0
2023-10-10 23:09:00,73.192,73.192,0
2023-10-11 01:46:00,78.405,78.405,0
2023-10-11 03:36:00,71.413,71.413,0
2023-10-11 12:13:00,81.484,81.484,0
2023-10-11 21:23:00,59.885,59.885,0
2023-10-12 16:36:00,74.112,74.112,0
2023-10-13 04:31:00,68.359,68.359,0
2023-10-14 00:54:00,79.847,79.847,0
2023-10-14 02:10:00,84.332,84.332,0
2023-10-14 08:42:00,50.532,50.532,0
2023-10-14 20:20:00,57.075,57.075,0
2023-10-14 20:31:00,58.964,58.964,0
2023-10-14 21:54:00,65.751,65.751,0
2023-10-15 08:42:00,51.307,51.307,0
2023-10-15 16:27:00,76.753,76.753,0
2023-10-16 09:53:00,58.601,58.601,0
2023-10-16 22:10:00,69.104,69.104,0
2023-10-16 22:39:00,61.863,61.863,0
2023-10-17 00:38:00,75.881,75.881,0
2023-10-17 00:47:00,82.718,82.718,0
2023-10-17 17:00:00,60.445,60.445,0
2023-10-18 03:28:00,73.33,73.33,0
2023-10-18 14:30:00,74.422,74.422,0
2023-10-19 05:04:00,63.823,63.823,0
2023-10-19 19:20:00,53.654,53.654,0
2023-10-19 19:40:00,54.943,54.943,0
2023-10-19 19:46:00,52.331,52.331,0
2023-10-19 22:45:00,71.149,71.149,0
2023-10-19 22:57:00,68.987,68.987,0
2023-10-20 01:53:00,78.724,78.724,0
2023-10-20 10:52:00,75.223,75.223,0
2023-10-20 12:50:00,76.841,76.841,0
2023-10-20 21:38:00,65.748,65.748,0
2023-10-20 22:42:00,68.107,68.107,0
2023-10-21 02:35:00,82.898,8.983174014641321,1
2023-10-21 05:59:00,63.81,63.81,0
2023-10-21 07:39:00,52.524,52.524,0
2023-10-21 12:34:00,80.958,80.958,0
2023-10-21 12:51:00,78.333,78.333,0
2023-10-21 16:50:00,69.738,69.738,0
2023-10-22 02:52:00,73.404,73.404,0
2023-10-22 09:55:00,60.534,60.534,0
2023-10-22 10:12:00,71.234,71.234,0
2023-10-22 14:12:00,81.983,81.983,0
2023-10-22 20:58:00,58.742,58.742,0
2023-10-23 08:11:00,56.016,56.016,0
2023-10-23 19:14:00,56.477,56.477,0
2023-10-24 02:41:00,81.72,81.72,0
2023-10-24 09:35:00,61.483,61.483,0
2023-10-24 16:50:00,73.272,73.272,0
2023-10-24 21:55:00,66.804,66.804,0
2023-10-25 00:36:00,78.28,78.28,0
2023-10-25 12:04:00,80.359,80.359,0
2023-10-25 17:13:00,57.566,57.566,0
2023-10-25 23:58:00,72.944,72.944,0
2023-10-26 00:37:00,73.777,73.777,0
2023-10-26 15:37:00,82.613,82.613,0
2023-10-27 07:13:00,53.771,53.771,0
2023-10-27 07:21:00,53.272,53.272,0
2023-10-27 17:58:00,58.487,58.487,0
2023-10-27 23:14:00,75.06,75.06,0
2023-10-28 20:36:00,63.912,63.912,0
2023-10-29 12:22:00,83.857,83.857,0
2023-10-29 21:28:00,63.288,63.288,0
2023-10-30 03:12:00,72.651,72.651,0
2023-10-30 06:23:00,59.459,59.459,0
2023-10-30 07:29:00,52.424,52.424,0
2023-10-30 07:57:00,52.698,52.698,0
2023-10-30 10:37:00,75.128,75.128,0
2023-10-30 21:52:00,66.705,66.705,0
2023-10-31 01:57:00,79.15,79.15,0
2023-10-31 08:16:00,52.832,52.832,0
2023-10-31 13:00:00,80.722,80.722,0
2023-10-31 20:50:00,55.712,55.712,0
2023-11-01 02:29:00,78.693,78.693,0
2023-11-01 15:11:00,79.305,79.305,0
2023-11-01 19:20:00,48.715,48.715,0
2023-11-01 21:45:00,68.602,68.602,0
2023-11-01 22:09:00,75.326,75.326,0
2023-11-03 15:11:00,80.655,80.655,0
2023-11-04 10:16:00,75.842,75.842,0
2023-11-04 13:34:00,82.884,82.884,0
2023-11-04 17:05:00,64.162,64.162,0
2023-11-05 02:11:00,78.532,78.532,0
2023-11-05 06:59:00,61.041,61.041,0
2023-11-05 20:59:00,58.457,58.457,0
2023-11-06 04:39:00,65.677,65.677,0
2023-11-06 06:26:00,59.547,59.547,0
2023-11-06 08:18:00,52.621,52.621,0
2023-11-06 10:21:00,73.164,73.164,0
2023-11-06 12:05:00,78.921,78.921,0
2023-11-06 13:36:00,82.389,82.389,0
2023-11-08 11:41:00,81.723,81.723,0
2023-11-10 23:40:00,66.797,66.797,0
2023-11-11 00:06:00,81.504,81.504,0
2023-11-11 11:49:00,77.052,77.052,0
2023-11-11 18:10:00,49.647,11.071423632868013,1
2023-11-11 18:55:00,52.627,52.627,0
2023-11-11 19:06:00,49.325,49.325,0
2023-11-11 20:40:00,59.17,59.17,0
2023-11-11 21:01:00,68.319,68.319,0
2023-11-12 02:18:00,83.475,83.475,0
2023-11-12 11:08:00,75.747,75.747,0
2023-11-12 17:38:00,60.855,60.855,0
2023-11-13 04:34:00,69.861,69.861,0
2023-11-13 22:03:00,71.802,71.802,0
2023-11-14 07:01:00,53.892,53.892,0
2023-11-14 22:33:00,69.786,69.786,0
2023-11-15 16:25:00,71.823,71.823,0
2023-11-16 15:32:00,78.639,85.82494520338662,1
2023-11-16 16:13:00,72.102,72.102,0
2023-11-16 18:44:00,49.103,49.103,0
2023-11-17 07:58:00,51.388,51.388,0
2023-11-17 09:48:00,59.244,59.244,0
2023-11-17 13:07:00,76.642,76.642,0
2023-11-17 17:54:00,61.804,61.804,0
2023-11-17 23:22:00,74.886,74.886,0
2023-11-18 02:10:00,78.694,78.694,0
2023-11-18 15:04:00,74.805,74.805,0
2023-11-18 17:28:00,56.723,56.723,0
2023-11-18 23:36:00,74.073,74.073,0
2023-11-19 12:21:00,82.961,82.961,0
2023-11-19 15:38:00,75.471,75.471,0
2023-11-20 02:36:00,75.408,75.408,0
2023-11-20 05:55:00,64.149,64.149,0
2023-11-20 06:30:00,63.849,63.849,0
2023-11-20 09:24:00,61.757,61.757,0
2023-11-20 17:48:00,63.937,63.937,0
2023-11-20 21:00:00,66.417,66.417,0
2023-11-21 12:15:00,81.565,81.565,0
2023-11-21 13:46:00,84.067,88.14141589504102,1
2023-11-21 22:34:00,66.472,72.28499043695714,1
2023-11-22 00:17:00,83.057,96.20997905470192,1
2023-11-23 02:14:00,82.279,95.71569982410813,1
2023-11-23 04:42:00,70.56,70.56,0
2023-11-23 07:23:00,53.201,53.201,0
2023-11-23 16:06:00,78.005,78.005,0
2023-11-24 03:32:00,74.96,74.96,0
2023-11-24 11:29:00,75.432,75.432,0
2023-11-24 13:28:00,76.766,76.766,0
2023-11-25 01:13:00,77.312,77.312,0
2023-11-25 04:11:00,68.359,68.359,0
2023-11-25 12:26:00,81.822,94.28940468330356,1
2023-11-25 21:03:00,66.507,66.507,0
2023-11-25 21:38:00,66.637,66.637,0
2023-11-26 13:28:00,86.228,86.228,0
2023-11-27 04:41:00,69.122,69.122,0
2023-11-27 05:05:00,62.619,9.672444066607971,1
2023-11-27 05:11:00,62.706,62.706,0
2023-11-27 05:27:00,62.656,62.656,0
2023-11-27 08:38:00,46.686,46.686,0
2023-11-27 09:18:00,60.971,60.971,0
2023-11-27 09:20:00,59.693,59.693,0
2023-11-27 11:36:00,85.571,85.571,0
2023-11-28 04:00:00,71.886,71.886,0
2023-11-28 18:41:00,54.21,54.21,0
2023-11-28 18:47:00,57.304,57.304,0
2023-11-28 20:18:00,57.482,57.482,0
2023-11-29 03:54:00,74.871,74.871,0
2023-11-29 13:46:00,79.832,79.832,0
2023-11-29 13:52:00,79.427,79.427,0
2023-11-29 16:54:00,70.524,70.524,0
2023-11-30 01:24:00,79.969,79.969,0
2023-11-30 02:49:00,82.022,82.022,0
2023-11-30 08:32:00,53.703,53.703,0
2023-11-30 12:18:00,79.785,79.785,0
2023-12-01 17:16:00,57.258,57.258,0
2023-12-02 03:28:00,71.285,71.285,0
2023-12-03 04:57:00,64.173,64.173,0
2023-12-04 00:41:00,81.692,81.692,0
2023-12-04 03:05:00,69.894,69.894,0
2023-12-04 10:26:00,69.491,69.491,0
2023-12-04 18:38:00,50.884,50.884,0
2023-12-04 20:27:00,60.947,60.947,0
2023-12-05 00:58:00,77.538,77.538,0
2023-12-05 01:53:00,76.423,76.423,0
2023-12-05 21:39:00,65.826,65.826,0
2023-12-06 06:24:00,59.655,59.655,0
2023-12-06 11:42:00,81.31,81.31,0
2023-12-06 20:50:00,56.611,56.611,0
2023-12-07 01:06:00,79.316,79.316,0
2023-12-07 03:06:00,72.71,72.71,0
2023-12-07 07:41:00,53.46,53.46,0
2023-12-09 03:44:00,73.345,73.345,0
2023-12-09 04:16:00,64.689,64.689,0
2023-12-09 05:47:00,66.642,66.642,0
2023-12-09 09:48:00,52.583,52.583,0
2023-12-10 22:19:00,72.029,72.029,0
2023-12-10 22:32:00,64.115,64.115,0
2023-12-11 06:07:00,63.369,63.369,0
2023-12-11 12:41:00,81.44,81.44,0
2023-12-11 16:07:00,72.557,72.557,0
2023-12-11 16:30:00,71.145,71.145,0
2023-12-12 06:08:00,58.643,58.643,0
2023-12-12 06:18:00,61.823,61.823,0
2023-12-12 11:48:00,77.384,77.384,0
2023-12-12 12:11:00,76.261,76.261,0
2023-12-12 14:02:00,80.11,80.11,0
2023-12-12 22:25:00,70.595,70.595,0
2023-12-13 00:33:00,82.209,82.209,0
2023-12-13 07:19:00,52.406,52.406,0
2023-12-13 16:12:00,73.303,73.303,0
2023-12-13 19:46:00,51.845,51.845,0
2023-12-14 12:11:00,80.488,80.488,0
2023-12-14 14:25:00,83.845,83.845,0
2023-12-14 15:47:00,81.853,81.853,0
2023-12-15 08:20:00,51.536,51.536,0
2023-12-16 06:25:00,59.683,59.683,0
2023-12-16 23:34:00,71.965,71.965,0
2023-12-17 00:10:00,81.077,81.077,0
2023-12-17 00:15:00,78.153,78.153,0
2023-12-18 04:57:00,68.737,68.737,0
2023-12-18 14:32:00,80.679,80.679,0
2023-12-19 00:33:00,81.061,81.061,0
2023-12-19 01:26:00,76.747,76.747,0
2023-12-19 02:20:00,79.618,79.618,0
2023-12-19 08:30:00,55.205,55.205,0
2023-12-19 18:45:00,52.751,52.751,0
2023-12-19 19:19:00,51.302,51.302,0
2023-12-19 21:10:00,64.251,64.251,0
2023-12-20 00:14:00,85.535,85.535,0
2023-12-20 08:47:00,50.897,50.897,0
2023-12-20 16:13:00,74.255,74.255,0
2023-12-20 18:18:00,53.616,53.616,0
2023-12-20 22:13:00,70.886,70.886,0
2023-12-21 10:23:00,72.743,72.743,0
2023-12-21 23:52:00,71.747,71.747,0
2023-12-22 00:52:00,86.535,86.535,0
2023-12-22 13:19:00,81.89,81.89,0
2023-12-22 22:46:00,70.32,70.32,0
2023-12-23 13:09:00,79.685,79.685,0
2023-12-24 14:53:00,79.346,79.346,0
2023-12-25 00:54:00,84.035,84.035,0
2023-12-25 01:23:00,82.833,82.833,0
2023-12-25 02:10:00,82.146,82.146,0
2023-12-26 01:54:00,75.561,75.561,0
2023-12-26 03:01:00,71.655,71.655,0
2023-12-26 04:03:00,68.183,68.183,0
2023-12-26 11:39:00,80.294,80.294,0
2023-12-26 13:24:00,78.857,78.857,0
2023-12-27 01:15:00,81.0,81.0,0
2023-12-27 07:43:00,52.277,52.277,0
2023-12-28 01:18:00,76.267,76.267,0
2023-12-29 03:44:00,69.537,69.537,0
2023-12-29 05:19:00,62.912,62.912,0
2023-12-29 19:16:00,50.277,50.277,0
2023-12-30 09:35:00,60.412,60.412,0
2023-12-30 14:16:00,80.348,80.348,0
2023-12-31 01:20:00,82.269,82.269,0
2023-12-31 10:07:00,76.208,76.208,0
2023-12-31 15:48:00,78.507,78.507,0
2023-12-31 19:27:00,51.873,51.873,0
2024-01-01 04:10:00,67.421,67.421,0
2024-01-01 14:57:00,77.598,77.598,0
2024-01-01 18:07:00,49.507,49.507,0
2024-01-01 20:55:00,62.691,62.691,0
2024-01-01 23:52:00,77.587,77.587,0
2024-01-02 07:07:00,54.263,54.263,0
2024-01-02 21:22:00,68.655,8.369372039299945,1
2024-01-03 00:57:00,78.036,78.036,0
2024-01-03 06:28:00,66.677,66.677,0
2024-01-03 08:26:00,54.591,54.591,0
2024-01-03 20:49:00,58.007,58.007,0
2024-01-04 04:06:00,66.496,66.496,0
2024-01-04 04:43:00,67.419,67.419,0
2024-01-04 05:31:00,64.963,64.963,0
2024-01-04 12:01:00,84.055,84.055,0
2024-01-04 23:51:00,76.744,76.744,0
2024-01-05 14:11:00,75.592,75.592,0
2024-01-06 03:11:00,70.485,70.485,0
2024-01-06 04:59:00,65.489,65.489,0
2024-01-06 07:29:00,51.134,51.134,0
2024-01-06 07:43:00,49.843,49.843,0
2024-01-06 13:13:00,83.795,83.795,0
2024-01-07 04:44:00,69.133,69.133,0
2024-01-07 22:45:00,68.454,68.454,0
2024-01-08 01:10:00,78.567,78.567,0
2024-01-08 08:45:00,52.354,52.354,0
2024-01-08 14:21:00,82.462,82.462,0
2024-01-08 15:41:00,81.907,81.907,0
2024-01-08 18:26:00,49.58,49.58,0
2024-01-09 00:04:00,82.276,82.276,0
2024-01-09 04:57:00,66.361,66.361,0
2024-01-09 07:34:00,50.892,50.892,0
2024-01-09 12:47:00,78.006,78.006,0
2024-01-10 01:34:00,81.907,88.8717481524275,1
2024-01-10 06:37:00,60.047,60.047,0
2024-01-10 21:04:00,67.936,67.936,0
2024-01-11 01:34:00,76.923,76.923,0
2024-01-11 11:12:00,82.5,82.5,0
2024-01-11 17:11:00,62.767,62.767,0
2024-01-12 14:34:00,81.11,81.11,0
2024-01-12 18:54:00,49.636,49.636,0
2024-01-12 23:12:00,70.407,70.407,0
2024-01-13 03:36:00,68.876,68.876,0
2024-01-13 15:28:00,85.611,85.611,0
2024-01-13 17:26:00,60.596,60.596,0
2024-01-14 11:38:00,83.193,83.193,0
2024-01-14 13:48:00,78.265,78.265,0
2024-01-14 14:36:00,81.214,81.214,0
2024-01-14 20:19:00,62.127,62.127,0
2024-01-15 02:58:00,75.953,75.953,0
2024-01-15 06:47:00,52.711,52.711,0
2024-01-15 06:48:00,59.66,59.66,0
2024-01-15 12:51:00,81.768,81.768,0
2024-01-15 20:41:00,58.029,58.029,0
2024-01-16 01:31:00,82.99,82.99,0
2024-01-16 04:58:00,70.84,70.84,0
2024-01-16 07:53:00,51.385,51.385,0
2024-01-16 15:20:00,78.583,78.583,0
2024-01-17 07:35:00,52.566,52.566,0
2024-01-17 12:48:00,80.091,80.091,0
2024-01-17 15:31:00,83.968,83.968,0
2024-01-18 20:50:00,61.241,15.52448811259682,1
2024-01-19 05:27:00,68.505,68.505,0
2024-01-19 07:35:00,49.871,49.871,0
2024-01-19 11:21:00,78.699,78.699,0
2024-01-20 06:53:00,59.822,59.822,0
2024-01-20 09:14:00,57.716,57.716,0
2024-01-20 12:49:00,78.078,78.078,0
2024-01-20 21:47:00,63.103,63.103,0
2024-01-20 22:18:00,62.14,62.14,0
2024-01-21 00:07:00,80.42,80.42,0
2024-01-21 11:45:00,73.427,73.427,0
2024-01-22 00:56:00,82.248,82.248,0
2024-01-22 05:14:00,65.292,65.292,0
2024-01-22 23:20:00,73.477,73.477,0
2024-01-24 02:27:00,81.368,81.368,0
2024-01-24 03:07:00,73.208,73.208,0
2024-01-24 18:59:00,52.502,52.502,0
2024-01-25 04:12:00,68.761,68.761,0
2024-01-25 07:13:00,56.355,56.355,0
2024-01-25 15:23:00,77.382,77.382,0
2024-01-25 18:46:00,53.113,53.113,0
2024-01-25 19:28:00,51.138,51.138,0
2024-01-26 20:08:00,62.292,62.292,0
2024-01-27 14:26:00,80.017,80.017,0
2024-01-27 19:45:00,53.736,53.736,0
2024-01-28 00:23:00,79.68,79.68,0
2024-01-28 00:42:00,78.793,78.793,0
2024-01-28 07:48:00,50.448,50.448,0
2024-01-28 18:37:00,48.146,48.146,0
2024-01-28 20:02:00,61.947,61.947,0
2024-01-29 10:06:00,68.965,68.965,0
2024-01-29 16:10:00,73.928,73.928,0
2024-01-29 19:19:00,51.117,51.117,0
2024-01-30 09:17:00,59.322,59.322,0
2024-01-30 21:14:00,63.164,63.164,0
2024-01-30 23:19:00,75.203,75.203,0
2024-01-30 23:42:00,72.144,72.144,0
2024-01-31 19:12:00,49.557,49.557,0
2024-02-01 04:39:00,68.953,68.953,0
2024-02-01 07:41:00,50.321,50.321,0
2024-02-01 07:54:00,50.591,50.591,0
2024-02-01 13:52:00,79.787,79.787,0
2024-02-01 20:58:00,58.543,58.543,0
2024-02-02 00:14:00,82.484,82.484,0
2024-02-02 04:36:00,68.255,68.255,0
2024-02-02 07:31:00,52.004,52.004,0
2024-02-02 22:31:00,65.255,65.255,0
2024-02-03 02:35:00,81.027,81.027,0
2024-02-03 02:44:00,78.119,78.119,0
2024-02-03 03:57:00,71.32,71.32,0
2024-02-03 05:06:00,67.169,67.169,0
2024-02-03 11:39:00,77.579,77.579,0
2024-02-04 05:20:00,67.695,67.695,0
2024-02-04 05:27:00,66.476,16.793568434729895,1
2024-02-04 21:21:00,66.276,66.276,0
2024-02-05 03:30:00,71.137,71.137,0
2024-02-05 08:24:00,47.15,47.15,0
2024-02-05 09:18:00,59.133,59.133,0
2024-02-05 18:43:00,51.887,51.887,0
2024-02-05 19:20:00,55.605,55.605,0
2024-02-05 22:07:00,63.98,63.98,0
2024-02-06 09:53:00,60.477,60.477,0
2024-02-06 12:37:00,82.917,82.917,0
2024-02-06 20:12:00,59.042,59.042,0
2024-02-07 08:24:00,51.96,51.96,0
2024-02-07 10:01:00,76.386,76.386,0
2024-02-07 11:20:00,79.511,79.511,0
2024-02-07 12:49:00,85.378,85.378,0
2024-02-08 03:09:00,72.201,72.201,0
2024-02-08 22:39:00,69.226,69.226,0
2024-02-09 03:50:00,72.178,72.178,0
2024-02-09 14:47:00,76.187,76.187,0
2024-02-09 21:39:00,64.249,64.249,0
2024-02-10 07:34:00,50.211,50.211,0
2024-02-10 08:02:00,47.708,47.708,0
2024-02-11 09:04:00,64.329,64.329,0
2024-02-11 22:53:00,66.203,66.203,0
2024-02-11 23:04:00,72.514,93.25296246944842,1
2024-02-12 12:26:00,82.811,82.811,0
2024-02-12 15:03:00,80.304,80.304,0
2024-02-12 21:49:00,66.089,66.089,0
2024-02-12 23:05:00,74.68,74.68,0
2024-02-13 12:53:00,81.228,81.228,0
2024-02-15 22:59:00,67.15,67.15,0
2024-02-16 08:15:00,60.189,60.189,0
2024-02-16 09:24:00,58.262,58.262,0
2024-02-16 20:18:00,58.033,58.033,0
2024-02-17 02:06:00,83.384,83.384,0
2024-02-17 04:18:00,68.159,68.159,0
2024-02-17 13:10:00,78.992,78.992,0
2024-02-18 01:40:00,80.511,80.511,0
2024-02-18 12:28:00,79.985,79.985,0
2024-02-18 13:01:00,76.588,76.588,0
2024-02-18 14:18:00,82.445,82.445,0
2024-02-18 18:28:00,50.014,50.014,0
2024-02-20 06:15:00,59.498,59.498,0
2024-02-20 12:07:00,77.604,77.604,0
2024-02-20 19:25:00,54.636,54.636,0
2024-02-20 19:25:00,51.634,51.634,0
2024-02-21 14:35:00,82.377,82.377,0
2024-02-21 20:32:00,59.611,59.611,0
2024-02-22 04:58:00,66.063,66.063,0
2024-02-23 03:30:00,72.793,72.793,0
2024-02-23 17:20:00,55.145,55.145,0
2024-02-24 03:16:00,73.085,73.085,0
2024-02-24 03:56:00,70.88,70.88,0
2024-02-25 03:24:00,75.69,75.69,0
2024-02-25 11:56:00,81.619,81.619,0
2024-02-25 22:07:00,68.754,68.754,0
2024-02-26 10:47:00,70.719,70.719,0
2024-02-27 04:06:00,67.939,67.939,0
2024-02-27 08:25:00,49.845,49.845,0
2024-02-27 09:03:00,62.061,62.061,0
2024-02-27 09:08:00,58.994,58.994,0
2024-02-27 17:59:00,61.809,61.809,0
2024-02-28 16:06:00,75.099,75.099,0
2024-02-28 17:54:00,59.978,59.978,0
2024-02-28 22:55:00,68.726,68.726,0
2024-02-29 02:33:00,79.789,79.789,0
2024-02-29 04:16:00,66.382,66.382,0
2024-02-29 13:54:00,75.66,75.66,0
2024-03-01 02:30:00,78.137,78.137,0
2024-03-01 22:35:00,69.224,69.224,0
2024-03-02 02:32:00,82.037,82.037,0
2024-03-02 03:40:00,74.701,74.701,0
2024-03-02 04:21:00,69.044,69.044,0
2024-03-02 07:46:00,55.799,55.799,0
2024-03-02 14:47:00,82.577,82.577,0
2024-03-03 02:42:00,78.589,78.589,0
2024-03-03 10:51:00,69.767,69.767,0
2024-03-03 23:15:00,74.134,74.134,0
2024-03-04 09:11:00,59.058,59.058,0
2024-03-04 14:46:00,81.461,81.461,0
2024-03-04 15:43:00,87.507,87.507,0
2024-03-04 23:17:00,71.656,71.656,0
2024-03-04 23:42:00,74.198,74.198,0
2024-03-05 14:34:00,76.48,76.48,0
2024-03-05 20:56:00,60.043,60.043,0
2024-03-07 00:01:00,82.821,82.821,0
2024-03-07 08:04:00,53.371,53.371,0
2024-03-07 13:38:00,77.357,77.357,0
2024-03-07 17:18:00,61.493,61.493,0
2024-03-07 21:00:00,65.65,65.65,0
2024-03-07 22:03:00,67.435,67.435,0
2024-03-09 00:05:00,82.758,82.758,0
2024-03-09 00:49:00,78.054,78.054,0
2024-03-09 09:53:00,59.967,59.967,0
2024-03-10 03:29:00,73.322,73.322,0
2024-03-10 15:24:00,81.999,81.999,0
2024-03-11 06:53:00,57.423,57.423,0
2024-03-11 11:44:00,80.307,80.307,0
2024-03-12 09:40:00,57.778,57.778,0
2024-03-13 01:58:00,77.79,77.79,0
2024-03-13 02:06:00,78.535,78.535,0
2024-03-13 04:05:00,67.736,67.736,0
2024-03-13 18:31:00,52.511,52.511,0
2024-03-13 18:32:00,52.229,52.229,0
2024-03-13 19:55:00,46.329,46.329,0
2024-03-13 23:40:00,70.532,70.532,0
2024-03-14 03:12:00,74.083,74.083,0
2024-03-14 06:21:00,61.28,61.28,0
2024-03-14 09:45:00,64.001,64.001,0
2024-03-14 16:55:00,70.888,70.888,0
2024-03-14 21:06:00,64.523,64.523,0
2024-03-14 23:21:00,71.135,71.135,0
2024-03-15 00:19:00,79.596,79.596,0
2024-03-15 07:11:00,50.083,50.083,0
2024-03-15 07:15:00,52.174,52.174,0
2024-03-15 15:49:00,79.751,79.751,0
2024-03-15 16:23:00,71.279,71.279,0
2024-03-16 01:40:00,80.009,80.009,0
2024-03-16 04:01:00,70.895,70.895,0
2024-03-16 04:42:00,67.036,67.036,0
2024-03-16 14:45:00,79.298,79.298,0
2024-03-16 14:58:00,78.163,78.163,0
2024-03-17 00:48:00,81.237,81.237,0
2024-03-17 07:17:00,51.742,51.742,0
2024-03-18 06:44:00,58.609,58.609,0
2024-03-18 06:49:00,63.183,63.183,0
2024-03-18 12:12:00,78.347,78.347,0
2024-03-18 23:40:00,76.693,76.693,0
2024-03-19 00:18:00,79.427,79.427,0
2024-03-19 05:29:00,64.138,64.138,0
2024-03-19 12:05:00,78.694,78.694,0
2024-03-19 18:07:00,51.37,51.37,0
2024-03-20 05:14:00,66.529,66.529,0
2024-03-20 08:08:00,50.782,50.782,0
2024-03-20 08:44:00,52.665,52.665,0
2024-03-20 10:59:00,73.917,73.917,0
2024-03-20 17:29:00,61.5,61.5,0
2024-03-21 00:26:00,79.065,79.065,0
2024-03-21 21:19:00,67.678,67.678,0
2024-03-22 10:58:00,76.119,76.119,0
2024-03-22 14:24:00,79.866,79.866,0
2024-03-23 06:32:00,62.857,62.857,0
2024-03-23 12:20:00,80.446,80.446,0
2024-03-23 12:56:00,76.135,76.135,0
2024-03-23 18:23:00,53.442,53.442,0
2024-03-23 19:19:00,53.942,53.942,0
2024-03-24 02:30:00,81.858,81.858,0
2024-03-24 02:37:00,80.951,80.951,0
2024-03-24 12:18:00,78.723,78.723,0
2024-03-25 02:58:00,83.261,83.261,0
2024-03-25 07:23:00,52.753,52.753,0
2024-03-25 11:05:00,83.927,83.927,0
2024-03-26 02:17:00,83.152,83.152,0
2024-03-26 02:42:00,78.959,78.959,0
2024-03-26 03:29:00,72.7,72.7,0
2024-03-26 06:42:00,61.592,61.592,0
2024-03-26 16:12:00,65.144,65.144,0
2024-03-27 02:31:00,77.335,77.335,0
2024-03-27 02:54:00,79.137,79.137,0
2024-03-27 02:58:00,82.716,82.716,0
2024-03-27 03:46:00,74.434,74.434,0
2024-03-27 07:18:00,54.29,54.29,0
2024-03-27 09:35:00,59.624,59.624,0
2024-03-27 10:50:00,74.44,74.44,0
2024-03-28 04:13:00,65.701,65.701,0
2024-03-28 05:42:00,63.762,63.762,0
2024-03-28 05:51:00,66.229,66.229,0
2024-03-28 08:36:00,52.868,52.868,0
2024-03-29 09:20:00,57.27,57.27,0
2024-03-29 21:18:00,64.0,64.0,0
2024-03-29 23:36:00,73.651,73.651,0
2024-03-30 06:07:00,62.551,62.551,0
2024-03-31 03:55:00,70.134,70.134,0
2024-03-31 06:32:00,60.68,60.68,0
2024-03-31 08:03:00,55.811,55.811,0
2024-03-31 09:21:00,61.891,61.891,0
2024-03-31 20:37:00,62.46,62.46,0
2024-03-31 23:25:00,77.501,77.501,0
2024-04-01 18:49:00,46.93,46.93,0
2024-04-01 20:55:00,57.126,57.126,0
2024-04-02 02:49:00,81.028,81.028,0
2024-04-02 02:51:00,78.009,78.009,0
2024-04-02 08:18:00,52.635,52.635,0
2024-04-02 11:24:00,80.913,80.913,0
2024-04-02 20:48:00,59.314,59.314,0
2024-04-03 01:27:00,78.999,78.999,0
2024-04-03 02:39:00,76.719,76.719,0
2024-04-03 05:34:00,65.573,65.573,0
2024-04-03 06:22:00,55.068,55.068,0
2024-04-03 07:09:00,56.852,56.852,0
2024-04-03 08:30:00,47.523,47.523,0
2024-04-03 08:54:00,51.247,51.247,0
2024-04-03 14:57:00,77.54,77.54,0
2024-04-03 19:51:00,55.722,55.722,0
2024-04-04 12:53:00,82.802,82.802,0
2024-04-04 15:45:00,83.094,83.094,0
2024-04-04 16:57:00,72.149,72.149,0
2024-04-05 00:23:00,78.606,78.606,0
2024-04-05 13:09:00,79.636,79.636,0
2024-04-06 01:19:00,76.453,76.453,0
2024-04-07 08:19:00,50.937,50.937,0
2024-04-07 09:21:00,60.401,60.401,0
2024-04-07 22:57:00,71.081,71.081,0
2024-04-08 03:19:00,69.888,69.888,0
2024-04-08 12:18:00,83.685,83.685,0
2024-04-08 18:28:00,52.179,52.179,0
2024-04-09 00:40:00,82.838,82.838,0
2024-04-10 02:43:00,79.329,16.041489805795358,1
2024-04-11 14:51:00,80.7,80.7,0
2024-04-11 17:19:00,59.686,59.686,0
2024-04-11 21:11:00,64.204,64.204,0
2024-04-11 21:12:00,68.37,68.37,0
2024-04-12 18:22:00,55.794,55.794,0
2024-04-13 13:05:00,81.502,81.502,0
2024-04-13 22:15:00,71.575,71.575,0
2024-04-14 05:08:00,64.559,64.559,0
2024-04-14 10:36:00,73.572,73.572,0
2024-04-14 19:08:00,51.47,51.47,0
2024-04-14 19:42:00,54.861,54.861,0
2024-04-14 21:04:00,65.683,65.683,0
2024-04-15 12:53:00,81.73,81.73,0
2024-04-15 14:51:00,81.118,81.118,0
2024-04-15 17:35:00,61.9,61.9,0
2024-04-16 00:17:00,78.016,78.016,0
2024-04-17 20:25:00,57.431,57.431,0
2024-04-19 07:06:00,53.604,53.604,0
2024-04-19 09:35:00,59.026,86.10305077892154,1
2024-04-19 14:39:00,79.346,79.346,0
2024-04-19 14:59:00,81.211,81.211,0
2024-04-19 16:02:00,70.647,70.647,0
2024-04-19 16:36:00,74.108,74.108,0
2024-04-19 17:16:00,61.778,61.778,0
2024-04-20 01:01:00,80.201,80.201,0
2024-04-20 10:11:00,71.071,71.071,0
2024-04-20 14:35:00,80.417,80.417,0
2024-04-20 17:53:00,58.959,58.959,0
2024-04-20 20:36:00,59.601,87.74943203947767,1
2024-04-20 20:55:00,58.807,58.807,0
2024-04-21 19:22:00,49.574,49.574,0
2024-04-22 19:43:00,53.847,53.847,0
2024-04-23 06:03:00,61.148,61.148,0
2024-04-23 06:38:00,57.037,57.037,0
2024-04-23 07:17:00,55.44,55.44,0
2024-04-24 05:55:00,64.695,64.695,0
2024-04-25 07:28:00,50.818,50.818,0
2024-04-25 16:21:00,75.388,75.388,0
2024-04-25 17:36:00,60.277,60.277,0
2024-04-25 18:11:00,51.286,51.286,0
2024-04-25 19:12:00,45.864,45.864,0
2024-04-26 07:48:00,51.105,51.105,0
2024-04-26 13:01:00,75.352,75.352,0
2024-04-26 17:22:00,60.73,60.73,0
2024-04-26 19:46:00,50.135,50.135,0
2024-04-26 20:39:00,62.586,62.586,0
2024-04-27 01:08:00,73.996,73.996,0
2024-04-27 12:22:00,80.53,80.53,0
2024-04-27 13:28:00,83.009,83.009,0
2024-04-27 22:36:00,65.08,65.08,0
2024-04-28 01:59:00,80.761,80.761,0
2024-04-28 03:51:00,77.658,77.658,0
2024-04-28 11:25:00,76.957,76.957,0
2024-04-28 13:32:00,80.698,80.698,0
2024-04-28 13:49:00,81.72,81.72,0
2024-04-28 17:55:00,60.011,60.011,0
2024-04-28 18:10:00,49.609,49.609,0
2024-04-28 21:10:00,62.21,62.21,0
2024-04-29 01:38:00,78.679,78.679,0
2024-04-29 02:05:00,74.787,74.787,0
2024-04-29 02:24:00,81.389,81.389,0
2024-04-29 17:55:00,59.601,59.601,0
2024-04-29 18:04:00,52.247,52.247,0
2024-05-01 04:22:00,66.956,66.956,0
2024-05-02 13:16:00,79.531,79.531,0
2024-05-02 15:46:00,78.334,78.334,0
2024-05-02 18:04:00,50.358,50.358,0
2024-05-02 21:35:00,70.329,70.329,0
2024-05-03 02:21:00,82.835,82.835,0
2024-05-03 07:29:00,53.929,53.929,0
2024-05-03 16:08:00,72.036,72.036,0
2024-05-03 16:52:00,75.034,75.034,0
2024-05-04 04:34:00,61.309,61.309,0
2024-05-04 06:07:00,57.412,57.412,0
2024-05-04 10:12:00,78.235,78.235,0
2024-05-04 15:20:00,80.532,80.532,0
2024-05-04 20:15:00,63.626,63.626,0
2024-05-04 21:35:00,66.223,66.223,0
2024-05-05 01:47:00,84.297,84.297,0
2024-05-05 03:11:00,67.929,67.929,0
2024-05-05 05:37:00,63.579,63.579,0
2024-05-05 16:22:00,76.326,76.326,0
2024-05-05 19:25:00,51.167,51.167,0
2024-05-05 21:58:00,68.044,68.044,0
2024-05-06 23:07:00,69.659,69.659,0
2024-05-07 04:05:00,69.152,69.152,0
2024-05-07 07:30:00,53.386,53.386,0
2024-05-07 08:47:00,49.621,49.621,0
2024-05-07 12:33:00,79.494,79.494,0
2024-05-07 13:49:00,79.602,79.602,0
2024-05-07 17:57:00,60.695,60.695,0
2024-05-07 23:48:00,76.352,76.352,0
2024-05-08 01:30:00,76.85,76.85,0
2024-05-08 17:52:00,57.908,57.908,0
2024-05-09 01:24:00,81.384,81.384,0
2024-05-10 11:14:00,77.671,77.671,0
2024-05-10 13:24:00,79.509,79.509,0
2024-05-10 18:38:00,49.258,49.258,0
2024-05-11 01:32:00,82.932,82.932,0
2024-05-11 08:06:00,53.479,53.479,0
2024-05-11 14:30:00,81.099,81.099,0
2024-05-12 01:33:00,79.049,79.049,0
2024-05-12 04:18:00,67.521,67.521,0
2024-05-12 09:26:00,60.623,60.623,0
2024-05-12 14:19:00,77.996,77.996,0
2024-05-12 21:15:00,64.624,64.624,0
2024-05-13 05:53:00,68.954,68.954,0
2024-05-14 10:50:00,70.603,70.603,0
2024-05-14 11:52:00,76.486,76.486,0
2024-05-14 17:18:00,54.545,54.545,0
2024-05-14 17:42:00,60.848,60.848,0
2024-05-15 08:13:00,49.567,49.567,0
2024-05-16 21:18:00,65.173,65.173,0
2024-05-17 04:36:00,73.388,73.388,0
2024-05-17 06:37:00,57.516,57.516,0
2024-05-17 14:41:00,83.431,83.431,0
2024-05-17 20:47:00,60.789,60.789,0
2024-05-17 20:48:00,64.171,64.171,0
2024-05-18 01:55:00,81.183,81.183,0
2024-05-18 01:57:00,80.559,80.559,0
2024-05-18 15:33:00,78.292,78.292,0
2024-05-18 17:33:00,60.64,60.64,0
2024-05-18 23:35:00,76.082,76.082,0
2024-05-19 07:29:00,56.047,56.047,0
2024-05-20 00:34:00,75.984,75.984,0
2024-05-20 01:37:00,82.496,82.496,0
2024-05-20 11:45:00,79.714,79.714,0
2024-05-20 15:05:00,77.857,77.857,0
2024-05-20 15:35:00,75.973,75.973,0
2024-05-20 22:59:00,68.612,88.06464824603329,1
2024-05-21 00:08:00,79.924,79.924,0
2024-05-21 03:59:00,70.609,70.609,0
2024-05-21 09:04:00,60.609,60.609,0
2024-05-21 15:22:00,81.427,81.427,0
2024-05-21 17:10:00,60.982,60.982,0
2024-05-21 18:30:00,57.517,57.517,0
2024-05-22 14:28:00,77.595,77.595,0
2024-05-23 09:52:00,63.552,63.552,0
2024-05-23 10:04:00,74.15,74.15,0
2024-05-23 10:34:00,76.021,76.021,0
2024-05-23 13:22:00,80.122,80.122,0
2024-05-23 14:23:00,80.798,80.798,0
2024-05-23 18:55:00,51.132,51.132,0
2024-05-23 19:57:00,52.038,52.038,0
2024-05-24 08:56:00,54.44,54.44,0
2024-05-24 12:20:00,81.317,81.317,0
2024-05-25 06:32:00,61.571,61.571,0
2024-05-25 07:06:00,52.173,52.173,0
2024-05-25 07:19:00,53.758,53.758,0
2024-05-25 11:07:00,78.303,78.303,0
2024-05-25 13:07:00,80.694,80.694,0
2024-05-25 16:35:00,70.921,70.921,0
2024-05-26 01:01:00,79.773,79.773,0
2024-05-26 19:35:00,52.623,52.623,0
2024-05-27 05:17:00,64.338,64.338,0
2024-05-27 07:40:00,52.224,52.224,0
2024-05-27 20:49:00,64.262,64.262,0
2024-05-28 00:12:00,80.459,80.459,0
2024-05-28 00:39:00,74.336,74.336,0
2024-05-28 05:03:00,65.4,65.4,0
2024-05-28 08:26:00,52.599,52.599,0
2024-05-29 04:22:00,66.127,14.509139191173285,1
2024-05-30 03:45:00,71.98,71.98,0
2024-05-30 08:59:00,54.703,54.703,0
2024-05-30 16:56:00,73.502,73.502,0
2024-05-31 00:25:00,82.176,82.176,0
2024-05-31 00:28:00,80.167,80.167,0
2024-05-31 17:51:00,61.644,61.644,0
2024-05-31 23:24:00,69.528,69.528,0
2024-06-01 02:09:00,78.405,78.405,0
2024-06-01 18:22:00,49.267,49.267,0
2024-06-02 15:42:00,84.258,84.258,0
2024-06-02 16:45:00,71.806,71.806,0
2024-06-02 19:09:00,53.653,53.653,0
2024-06-02 19:30:00,46.674,46.674,0
2024-06-02 23:45:00,69.145,69.145,0
2024-06-03 02:11:00,83.329,83.329,0
2024-06-03 10:01:00,71.01,71.01,0
2024-06-03 13:38:00,81.263,81.263,0
2024-06-04 05:13:00,66.232,66.232,0
2024-06-04 14:05:00,83.452,13.4061972094804,1
2024-06-04 14:30:00,83.381,83.381,0
2024-06-05 06:04:00,56.345,56.345,0
2024-06-05 08:14:00,49.727,49.727,0
2024-06-05 11:18:00,79.355,79.355,0
2024-06-05 15:38:00,79.071,79.071,0
2024-06-06 01:23:00,80.957,80.957,0
2024-06-06 05:29:00,67.33,67.33,0
2024-06-06 14:37:00,81.301,81.301,0
2024-06-06 18:41:00,53.23,53.23,0
2024-06-06 19:39:00,53.517,53.517,0
2024-06-06 21:51:00,64.966,64.966,0
2024-06-07 11:26:00,79.463,79.463,0
2024-06-07 21:01:00,68.543,68.543,0
2024-06-08 09:20:00,59.703,59.703,0
2024-06-08 10:35:00,69.201,69.201,0
2024-06-08 21:27:00,68.213,68.213,0
2024-06-09 00:40:00,78.583,78.583,0
2024-06-09 14:24:00,76.813,76.813,0
2024-06-10 06:34:00,64.723,64.723,0
2024-06-10 14:56:00,81.761,81.761,0
2024-06-10 19:26:00,51.996,51.996,0
2024-06-10 23:17:00,69.194,69.194,0
2024-06-11 16:11:00,74.694,74.694,0
2024-06-12 02:11:00,82.113,82.113,0
2024-06-13 07:01:00,51.289,51.289,0
2024-06-13 08:04:00,53.095,53.095,0
2024-06-13 14:08:00,77.134,77.134,0
2024-06-13 14:08:00,80.742,80.742,0
2024-06-14 00:17:00,77.582,77.582,0
2024-06-14 03:14:00,72.31,72.31,0
2024-06-14 06:25:00,60.803,60.803,0
2024-06-14 10:44:00,76.096,76.096,0
2024-06-14 21:14:00,65.788,65.788,0
2024-06-14 22:28:00,72.549,72.549,0
2024-06-15 05:58:00,63.059,63.059,0
2024-06-15 15:14:00,78.958,78.958,0
2024-06-15 20:29:00,61.882,61.882,0
2024-06-15 22:35:00,68.421,68.421,0
2024-06-16 02:35:00,78.464,78.464,0
2024-06-16 11:25:00,76.408,76.408,0
2024-06-16 15:05:00,79.438,13.02978502648417,1
2024-06-16 16:27:00,75.711,75.711,0
2024-06-16 18:09:00,53.573,53.573,0
2024-06-17 01:40:00,79.838,79.838,0
2024-06-17 07:49:00,51.485,51.485,0
2024-06-17 10:57:00,76.399,76.399,0
2024-06-17 18:13:00,47.502,47.502,0
2024-06-18 18:33:00,51.971,51.971,0
2024-06-18 19:28:00,55.8,55.8,0
2024-06-19 02:12:00,84.72,84.72,0
2024-06-19 12:13:00,83.212,83.212,0
2024-06-19 15:20:00,82.743,82.743,0
2024-06-19 17:46:00,55.446,55.446,0
2024-06-20 13:28:00,78.957,78.957,0
2024-06-21 03:03:00,72.604,72.604,0
2024-06-21 08:10:00,53.828,53.828,0
2024-06-21 11:49:00,83.299,83.299,0
2024-06-21 15:27:00,80.673,80.673,0
2024-06-21 22:25:00,68.446,68.446,0
2024-06-21 22:44:00,66.932,66.932,0
2024-06-22 00:10:00,82.322,82.322,0
2024-06-22 16:23:00,71.953,71.953,0
2024-06-22 16:40:00,76.864,76.864,0
2024-06-22 19:09:00,53.122,53.122,0
2024-06-22 19:15:00,51.783,51.783,0
2024-06-22 22:47:00,67.798,67.798,0
2024-06-23 03:45:00,72.925,72.925,0
2024-06-23 08:01:00,51.104,51.104,0
2024-06-23 20:42:00,61.735,61.735,0
2024-06-24 02:49:00,78.986,78.986,0
2024-06-24 17:01:00,63.062,63.062,0
2024-06-25 03:27:00,71.828,71.828,0
2024-06-25 04:19:00,71.939,71.939,0
2024-06-25 06:49:00,61.703,61.703,0
2024-06-25 07:29:00,55.501,55.501,0
2024-06-26 00:24:00,78.343,78.343,0
2024-06-26 00:34:00,82.027,82.027,0
2024-06-26 01:38:00,75.417,75.417,0
2024-06-26 06:17:00,58.892,58.892,0
2024-06-26 07:57:00,48.629,48.629,0
2024-06-26 10:06:00,70.863,70.863,0
2024-06-26 13:57:00,77.566,77.566,0
2024-06-27 08:32:00,53.727,53.727,0
2024-06-27 19:10:00,55.829,55.829,0
2024-06-28 14:51:00,82.35,82.35,0
2024-06-29 03:31:00,73.387,73.387,0
2024-06-29 04:23:00,72.032,72.032,0
2024-06-29 04:47:00,72.446,72.446,0
2024-06-30 03:19:00,70.102,70.102,0
2024-07-01 01:51:00,78.15,78.15,0
2024-07-01 06:49:00,63.299,63.299,0
2024-07-01 13:42:00,79.796,79.796,0
2024-07-02 03:52:00,73.095,73.095,0
2024-07-02 11:41:00,82.191,82.191,0
2024-07-02 15:05:00,76.803,76.803,0
2024-07-02 20:36:00,60.519,60.519,0
2024-07-03 16:31:00,75.783,75.783,0
2024-07-03 23:12:00,72.931,72.931,0
2024-07-04 08:21:00,52.664,52.664,0
2024-07-05 02:48:00,83.748,17.420656181642848,1
2024-07-05 15:43:00,81.367,81.367,0
2024-07-05 23:43:00,73.47,73.47,0
2024-07-06 01:58:00,81.854,81.854,0
2024-07-06 06:34:00,60.158,60.158,0
2024-07-06 13:56:00,78.527,78.527,0
2024-07-06 15:39:00,81.087,81.087,0
2024-07-07 04:51:00,67.375,67.375,0
2024-07-07 07:39:00,50.479,50.479,0
2024-07-08 00:57:00,79.101,79.101,0
2024-07-08 01:27:00,83.051,83.051,0
2024-07-08 02:51:00,77.268,77.268,0
2024-07-08 05:43:00,65.227,65.227,0
2024-07-09 02:53:00,79.96,79.96,0
2024-07-09 03:46:00,70.0,16.758138137338552,1
2024-07-09 07:17:00,61.374,61.374,0
2024-07-09 09:34:00,64.344,64.344,0
2024-07-09 10:40:00,73.691,73.691,0
2024-07-10 04:53:00,66.5,66.5,0
2024-07-10 07:19:00,49.53,49.53,0
2024-07-10 08:56:00,52.25,11.662483020381567,1
2024-07-10 09:05:00,60.974,60.974,0
2024-07-10 11:17:00,79.666,79.666,0
2024-07-10 17:18:00,62.009,62.009,0
2024-07-11 05:53:00,62.153,62.153,0
2024-07-11 09:03:00,58.603,58.603,0
2024-07-11 22:45:00,67.421,67.421,0
2024-07-11 23:08:00,74.206,74.206,0
2024-07-12 02:11:00,78.992,78.992,0
2024-07-12 02:41:00,83.119,83.119,0
2024-07-12 13:15:00,76.002,76.002,0
2024-07-12 19:15:00,53.939,53.939,0
2024-07-13 03:16:00,72.871,72.871,0
2024-07-13 08:11:00,55.847,55.847,0
2024-07-13 08:34:00,50.619,50.619,0
2024-07-13 22:36:00,69.691,69.691,0
2024-07-14 00:04:00,81.125,81.125,0
2024-07-14 02:35:00,80.015,80.015,0
2024-07-14 17:54:00,53.323,53.323,0
2024-07-15 07:30:00,49.879,49.879,0
2024-07-15 14:50:00,76.794,76.794,0
2024-07-16 13:11:00,79.828,79.828,0
2024-07-16 15:00:00,82.894,82.894,0
2024-07-16 19:59:00,50.937,50.937,0
2024-07-16 22:10:00,62.945,62.945,0
2024-07-18 07:57:00,52.753,52.753,0
2024-07-18 08:45:00,51.407,51.407,0
2024-07-18 14:53:00,79.357,79.357,0
2024-07-18 17:40:00,61.628,61.628,0
2024-07-18 19:50:00,51.531,51.531,0
2024-07-19 02:31:00,78.663,78.663,0
2024-07-19 04:53:00,65.554,65.554,0
2024-07-19 09:27:00,62.556,62.556,0
2024-07-19 17:42:00,59.903,59.903,0
2024-07-19 19:17:00,50.089,50.089,0
2024-07-19 19:55:00,52.801,52.801,0
2024-07-20 08:40:00,49.868,11.868264618137266,1
2024-07-20 13:43:00,84.52,84.52,0
2024-07-20 20:30:00,58.773,58.773,0
2024-07-21 02:46:00,81.784,13.37323984708839,1
2024-07-22 02:44:00,81.008,81.008,0
2024-07-22 07:08:00,50.836,50.836,0
2024-07-23 15:00:00,79.47,79.47,0
2024-07-24 02:22:00,82.212,82.212,0
2024-07-24 08:32:00,47.351,47.351,0
2024-07-24 16:45:00,74.527,74.527,0
2024-07-25 03:38:00,73.023,73.023,0
2024-07-25 06:06:00,60.845,60.845,0
2024-07-25 13:39:00,83.313,83.313,0
2024-07-25 20:27:00,60.259,60.259,0
2024-07-26 10:14:00,74.018,74.018,0
2024-07-26 11:05:00,81.693,81.693,0
2024-07-27 01:50:00,85.997,85.997,0
2024-07-27 03:45:00,79.178,79.178,0
2024-07-27 12:16:00,78.438,78.438,0
2024-07-27 17:57:00,60.537,60.537,0
2024-07-28 00:34:00,81.388,81.388,0
2024-07-28 17:14:00,58.442,58.442,0
2024-07-29 01:06:00,82.506,82.506,0
2024-07-30 03:22:00,70.265,70.265,0
2024-07-31 04:44:00,70.478,70.478,0
2024-07-31 05:13:00,66.993,66.993,0
2024-07-31 19:19:00,50.31,50.31,0
2024-07-31 22:22:00,66.938,66.938,0
2024-07-31 23:12:00,73.532,73.532,0
2024-08-01 11:10:00,81.877,81.877,0
2024-08-01 17:50:00,62.426,62.426,0
2024-08-02 06:39:00,59.162,59.162,0
2024-08-02 08:12:00,55.499,55.499,0
2024-08-02 21:12:00,61.407,61.407,0
2024-08-02 21:30:00,66.799,66.799,0
2024-08-02 21:59:00,68.87,68.87,0
2024-08-03 00:22:00,77.365,77.365,0
2024-08-03 08:04:00,52.265,52.265,0
2024-08-03 14:44:00,77.525,77.525,0
2024-08-03 17:13:00,60.176,60.176,0
2024-08-03 22:18:00,66.795,66.795,0
2024-08-04 10:16:00,76.203,76.203,0
2024-08-05 12:44:00,82.135,82.135,0
2024-08-05 13:04:00,78.534,78.534,0
2024-08-05 18:23:00,52.773,52.773,0
2024-08-06 02:54:00,82.86,82.86,0
2024-08-06 15:28:00,79.364,79.364,0
2024-08-07 10:49:00,74.146,74.146,0
2024-08-07 14:12:00,77.826,77.826,0
2024-08-07 17:08:00,60.034,60.034,0
2024-08-07 18:11:00,49.735,49.735,0
2024-08-07 21:14:00,68.431,68.431,0
2024-08-08 09:19:00,61.13,61.13,0
2024-08-08 12:09:00,78.038,78.038,0
2024-08-09 05:47:00,65.678,65.678,0
2024-08-09 11:43:00,78.547,78.547,0
2024-08-09 15:00:00,80.659,80.659,0
2024-08-09 15:42:00,79.968,79.968,0
2024-08-09 19:02:00,52.3,52.3,0
2024-08-09 21:28:00,70.691,70.691,0
2024-08-09 22:54:00,68.979,68.979,0
2024-08-10 14:24:00,76.532,76.532,0
2024-08-11 08:17:00,50.5,50.5,0
2024-08-11 18:04:00,52.194,52.194,0
2024-08-11 20:31:00,58.766,58.766,0
2024-08-11 22:12:00,68.305,68.305,0
2024-08-12 17:24:00,62.847,62.847,0
2024-08-13 02:10:00,77.751,77.751,0
2024-08-13 06:15:00,61.589,61.589,0
2024-08-14 13:08:00,79.333,79.333,0
2024-08-14 14:05:00,81.054,81.054,0
2024-08-14 17:36:00,56.627,56.627,0
2024-08-14 18:38:00,47.5,47.5,0
2024-08-14 19:42:00,51.31,51.31,0
2024-08-14 21:32:00,67.687,67.687,0
2024-08-15 01:12:00,81.328,81.328,0
2024-08-15 04:27:00,67.954,67.954,0
2024-08-15 05:48:00,64.567,64.567,0
2024-08-15 11:22:00,81.1,81.1,0
2024-08-15 22:29:00,70.151,70.151,0
2024-08-16 11:28:00,79.436,79.436,0
2024-08-16 12:07:00,77.53,77.53,0
2024-08-16 19:33:00,52.853,52.853,0
2024-08-17 12:50:00,80.258,80.258,0
2024-08-17 19:23:00,54.695,54.695,0
2024-08-18 14:49:00,79.637,79.637,0
2024-08-19 06:55:00,62.066,62.066,0
2024-08-19 10:58:00,70.107,70.107,0
2024-08-19 11:05:00,77.89,77.89,0
2024-08-19 11:41:00,82.261,82.261,0
2024-08-20 02:46:00,79.951,79.951,0
2024-08-20 12:40:00,81.323,81.323,0
2024-08-21 09:41:00,60.318,60.318,0
2024-08-21 12:03:00,80.333,80.333,0
2024-08-22 05:33:00,60.348,60.348,0
2024-08-22 10:25:00,76.301,76.301,0
2024-08-22 11:24:00,79.613,79.613,0
2024-08-23 10:04:00,71.75,89.16737235199442,1
2024-08-23 11:13:00,80.183,80.183,0
2024-08-23 16:03:00,73.771,73.771,0
2024-08-23 17:22:00,64.591,64.591,0
2024-08-24 00:39:00,83.966,83.966,0
2024-08-24 11:44:00,80.688,80.688,0
2024-08-24 11:46:00,80.308,80.308,0
2024-08-25 00:19:00,79.998,79.998,0
2024-08-25 00:55:00,79.203,79.203,0
2024-08-25 07:02:00,52.251,52.251,0
2024-08-25 14:02:00,84.796,84.796,0
2024-08-25 17:25:00,56.522,56.522,0
2024-08-25 22:50:00,64.725,64.725,0
2024-08-26 00:11:00,79.306,79.306,0
2024-08-26 04:32:00,64.179,64.179,0
2024-08-26 19:44:00,51.225,51.225,0
2024-08-28 00:44:00,77.67,77.67,0
2024-08-28 00:52:00,78.556,78.556,0
2024-08-28 05:44:00,62.084,62.084,0
2024-08-28 13:58:00,81.25,81.25,0
2024-08-28 15:06:00,77.596,84.66459079004647,1
2024-08-28 16:05:00,69.708,69.708,0
2024-08-29 01:32:00,80.95,80.95,0
2024-08-30 07:29:00,51.94,51.94,0
2024-08-30 15:23:00,79.456,79.456,0
2024-08-30 15:29:00,77.895,77.895,0
2024-08-30 17:50:00,61.406,61.406,0
2024-08-30 22:26:00,68.325,68.325,0
2024-08-30 23:26:00,73.247,73.247,0
2024-08-31 02:49:00,78.021,78.021,0
2024-08-31 03:27:00,71.864,71.864,0
2024-08-31 05:20:00,65.159,65.159,0
2024-08-31 13:21:00,78.98,76.14126787651455,1
2024-09-02 02:25:00,84.53,76.73447431825134,1
2024-09-02 23:00:00,74.055,62.329866775978054,1
2024-09-03 09:36:00,58.516,38.1934072654439,1
2024-09-03 17:15:00,61.981,61.981,0
2024-09-03 18:59:00,53.812,53.812,0
2024-09-04 00:21:00,84.046,84.046,0
2024-09-04 08:50:00,50.639,50.639,0
2024-09-04 13:38:00,80.421,80.421,0
2024-09-04 15:59:00,78.114,78.114,0
2024-09-04 22:29:00,68.97,68.97,0
2024-09-05 00:01:00,83.514,83.514,0
2024-09-05 11:24:00,81.059,81.059,0
2024-09-05 11:55:00,79.253,79.253,0
2024-09-05 14:26:00,81.095,81.095,0
2024-09-05 23:41:00,71.875,71.875,0
2024-09-06 06:22:00,61.338,61.338,0
2024-09-07 00:21:00,80.303,80.303,0
2024-09-07 05:56:00,65.07,65.07,0
2024-09-07 09:33:00,60.912,60.912,0
2024-09-08 08:23:00,51.825,51.825,0
2024-09-08 14:50:00,74.077,74.077,0
2024-09-08 16:45:00,71.723,71.723,0
2024-09-08 18:50:00,48.004,48.004,0
2024-09-08 22:41:00,68.495,68.495,0
2024-09-09 14:28:00,78.903,78.903,0
2024-09-09 17:25:00,61.445,61.445,0
2024-09-10 11:55:00,81.643,81.643,0
2024-09-10 13:00:00,78.305,78.305,0
2024-09-10 13:11:00,76.809,76.809,0
2024-09-11 03:24:00,73.029,73.029,0
2024-09-11 16:01:00,70.315,70.315,0
2024-09-11 19:15:00,51.632,90.75019297233308,1
2024-09-11 22:39:00,68.215,68.215,0
2024-09-12 13:20:00,80.042,80.042,0
2024-09-12 20:30:00,65.87,65.87,0
2024-09-12 21:38:00,67.839,67.839,0
2024-09-13 15:21:00,77.869,77.869,0
2024-09-13 20:08:00,62.45,62.45,0
2024-09-13 22:42:00,64.863,64.863,0
2024-09-14 03:01:00,69.46,69.46,0
2024-09-14 05:00:00,68.171,68.171,0
2024-09-14 07:37:00,49.46,49.46,0
2024-09-15 15:10:00,86.043,86.043,0
2024-09-15 15:54:00,76.005,76.005,0
2024-09-15 20:13:00,61.616,61.616,0
2024-09-16 02:25:00,83.973,83.973,0
2024-09-16 06:12:00,60.394,60.394,0
2024-09-16 06:14:00,58.21,58.21,0
2024-09-16 12:09:00,82.52,82.52,0
2024-09-16 16:57:00,71.331,71.331,0
2024-09-16 17:06:00,63.281,63.281,0
2024-09-16 20:50:00,61.365,61.365,0
2024-09-17 03:34:00,74.006,74.006,0
2024-09-17 07:07:00,54.485,54.485,0
2024-09-17 16:34:00,74.698,74.698,0
2024-09-17 18:53:00,52.782,52.782,0
2024-09-18 00:16:00,83.038,83.038,0
2024-09-18 00:16:00,81.833,10.63475643413571,1
2024-09-18 09:44:00,59.741,59.741,0
2024-09-18 12:00:00,83.719,83.719,0
2024-09-18 18:00:00,52.291,52.291,0
2024-09-19 02:53:00,88.036,88.036,0
2024-09-19 07:05:00,51.652,51.652,0
2024-09-20 03:20:00,76.975,76.975,0
2024-09-20 08:43:00,55.503,55.503,0
2024-09-21 07:31:00,54.865,54.865,0
2024-09-21 19:01:00,52.783,52.783,0
2024-09-21 19:58:00,55.395,55.395,0
2024-09-21 22:38:00,68.414,68.414,0
2024-09-22 01:13:00,76.437,76.437,0
2024-09-22 09:40:00,58.539,58.539,0
2024-09-22 18:20:00,56.168,56.168,0
2024-09-23 07:03:00,54.309,54.309,0
2024-09-23 14:03:00,79.276,79.276,0
2024-09-24 09:19:00,64.104,64.104,0
2024-09-24 16:21:00,70.167,70.167,0
2024-09-25 22:10:00,66.985,66.985,0
2024-09-26 03:19:00,69.787,69.787,0
2024-09-26 04:20:00,69.875,69.875,0
2024-09-26 07:51:00,55.42,55.42,0
2024-09-26 23:52:00,68.457,68.457,0
2024-09-27 00:49:00,78.162,78.162,0
2024-09-27 14:21:00,74.216,74.216,0
2024-09-27 17:10:00,62.408,62.408,0
2024-09-27 20:44:00,60.079,60.079,0
2024-09-28 04:12:00,65.192,65.192,0
2024-09-28 11:01:00,79.678,79.678,0
2024-09-28 12:52:00,83.786,83.786,0
2024-09-29 01:08:00,77.109,77.109,0
2024-09-29 03:37:00,65.869,65.869,0
2024-09-29 08:49:00,55.782,55.782,0
2024-09-29 09:25:00,59.257,59.257,0
2024-09-30 04:28:00,66.326,66.326,0
2024-09-30 04:52:00,65.848,65.848,0
2024-09-30 06:38:00,58.792,58.792,0
2024-10-01 09:31:00,61.713,61.713,0
2024-10-01 22:23:00,66.281,66.281,0
2024-10-02 06:38:00,60.056,60.056,0
2024-10-02 11:11:00,80.148,80.148,0
2024-10-02 11:15:00,79.336,79.336,0
2024-10-02 22:13:00,65.939,65.939,0
2024-10-03 01:15:00,73.214,73.214,0
2024-10-03 01:18:00,79.574,79.574,0
2024-10-03 09:59:00,55.999,55.999,0
2024-10-03 10:16:00,76.66,76.66,0
2024-10-03 11:41:00,81.579,81.579,0
2024-10-03 13:10:00,80.168,80.168,0
2024-10-03 19:11:00,51.944,51.944,0
2024-10-04 05:05:00,64.363,64.363,0
2024-10-04 08:38:00,49.438,49.438,0
2024-10-04 09:18:00,60.253,60.253,0
2024-10-04 13:00:00,82.482,82.482,0
2024-10-05 03:18:00,69.12,69.12,0
2024-10-05 08:38:00,48.768,48.768,0
2024-10-05 13:11:00,76.26,76.26,0
2024-10-05 14:30:00,83.405,83.405,0
2024-10-05 14:53:00,80.021,80.021,0
2024-10-06 01:23:00,77.349,77.349,0
2024-10-06 08:37:00,53.032,53.032,0
2024-10-06 09:22:00,59.932,59.932,0
2024-10-06 14:58:00,78.757,78.757,0
2024-10-08 08:16:00,54.359,54.359,0
2024-10-08 08:46:00,55.432,55.432,0
2024-10-08 09:53:00,53.595,53.595,0
2024-10-08 23:30:00,67.352,70.20991829795247,1
2024-10-09 01:40:00,77.644,86.67546087588583,1
2024-10-09 06:41:00,56.987,68.48537315232005,1
2024-10-09 06:50:00,60.732,72.91062072160533,1
2024-10-10 09:13:00,62.408,62.408,0
2024-10-10 10:15:00,74.194,74.194,0
2024-10-10 11:57:00,80.245,80.245,0
2024-10-10 18:02:00,48.779,48.779,0
2024-10-11 03:21:00,73.398,73.398,0
2024-10-11 07:52:00,53.922,53.922,0
2024-10-11 17:27:00,59.372,59.372,0
2024-10-11 20:35:00,58.25,58.25,0
2024-10-12 14:52:00,78.399,78.399,0
2024-10-13 06:45:00,67.552,67.552,0
2024-10-13 23:02:00,72.107,72.107,0
2024-10-14 04:31:00,73.866,73.866,0
2024-10-14 06:38:00,58.706,58.706,0
2024-10-14 11:25:00,78.503,78.503,0
2024-10-14 14:04:00,77.246,77.246,0
2024-10-14 19:02:00,55.23,55.23,0
2024-10-15 03:17:00,72.917,72.917,0
2024-10-15 20:41:00,59.978,59.978,0
2024-10-15 22:48:00,66.199,66.199,0
2024-10-16 07:16:00,53.388,53.388,0
2024-10-16 08:16:00,50.749,50.749,0
2024-10-16 09:01:00,64.47,64.47,0
2024-10-16 12:39:00,81.857,81.857,0
2024-10-16 18:18:00,54.862,54.862,0
2024-10-16 20:44:00,59.291,59.291,0
2024-10-16 20:56:00,61.231,61.231,0
2024-10-17 05:25:00,66.048,66.048,0
2024-10-17 11:32:00,81.407,81.407,0
2024-10-17 13:12:00,80.086,80.086,0
2024-10-17 15:38:00,74.523,74.523,0
2024-10-17 23:59:00,71.223,71.223,0
2024-10-18 11:42:00,83.028,83.028,0
2024-10-18 12:56:00,85.431,85.431,0
2024-10-18 15:10:00,76.865,76.865,0
2024-10-19 09:22:00,58.85,58.85,0
2024-10-20 09:11:00,63.056,63.056,0
2024-10-20 10:12:00,75.259,75.259,0
2024-10-20 10:21:00,71.411,71.411,0
2024-10-20 12:44:00,80.075,80.075,0
2024-10-20 14:40:00,80.589,80.589,0
2024-10-20 15:03:00,82.39,82.39,0
2024-10-20 17:13:00,64.159,64.159,0
2024-10-20 23:29:00,74.091,74.091,0
2024-10-21 05:16:00,61.946,61.946,0
2024-10-21 06:10:00,65.032,65.032,0
2024-10-21 06:58:00,62.854,62.854,0
2024-10-21 08:01:00,49.083,49.083,0
2024-10-21 16:06:00,72.727,72.727,0
2024-10-21 20:40:00,61.837,61.837,0
2024-10-22 00:44:00,79.956,79.956,0
2024-10-22 08:30:00,49.504,49.504,0
2024-10-22 11:21:00,83.348,83.348,0
2024-10-22 20:32:00,62.702,62.702,0
2024-10-22 23:37:00,69.073,69.073,0
2024-10-23 05:20:00,64.266,64.266,0
2024-10-23 11:58:00,78.494,78.494,0
2024-10-23 14:06:00,80.259,80.259,0
2024-10-23 14:51:00,83.34,83.34,0
2024-10-23 15:18:00,78.66,78.66,0
2024-10-23 23:47:00,70.586,70.586,0
2024-10-24 09:37:00,60.663,60.663,0
2024-10-24 11:14:00,84.03,84.03,0
2024-10-24 19:40:00,58.301,58.301,0
2024-10-25 07:28:00,55.824,55.824,0
2024-10-25 13:18:00,83.301,83.301,0
2024-10-25 15:01:00,80.112,80.112,0
2024-10-25 17:20:00,57.318,57.318,0
2024-10-25 17:32:00,59.256,59.256,0
2024-10-26 01:09:00,80.835,80.835,0
2024-10-26 03:17:00,74.776,74.776,0
2024-10-26 15:01:00,79.848,79.848,0
2024-10-26 17:32:00,60.735,60.735,0
2024-10-28 07:04:00,53.211,53.211,0
2024-10-28 15:20:00,82.952,82.952,0
2024-10-28 18:02:00,53.631,53.631,0
2024-10-28 21:40:00,66.905,66.905,0
2024-10-28 21:51:00,70.862,15.83486197626603,1
2024-10-28 23:25:00,68.844,68.844,0
2024-10-29 16:53:00,76.153,76.153,0
2024-10-29 18:15:00,55.382,55.382,0
2024-10-30 00:06:00,84.594,84.594,0
2024-10-30 12:24:00,75.343,75.343,0
2024-10-30 15:13:00,82.736,82.736,0
2024-10-30 21:53:00,63.675,63.675,0
2024-10-31 09:31:00,58.479,58.479,0
2024-10-31 23:44:00,78.093,78.093,0
2024-11-01 04:18:00,70.421,70.421,0
2024-11-01 08:51:00,52.968,52.968,0
2024-11-01 10:34:00,68.797,68.797,0
2024-11-01 17:10:00,59.446,59.446,0
2024-11-01 20:42:00,59.428,59.428,0
2024-11-01 21:48:00,67.178,67.178,0
2024-11-01 22:39:00,67.473,67.473,0
2024-11-01 22:54:00,70.896,70.896,0
2024-11-02 14:56:00,80.905,80.905,0
2024-11-03 03:33:00,76.771,76.771,0
2024-11-03 09:50:00,60.631,60.631,0
2024-11-03 11:12:00,80.85,80.85,0
2024-11-04 15:16:00,76.582,76.582,0
2024-11-04 17:35:00,58.547,58.547,0
2024-11-04 22:15:00,66.713,66.713,0
2024-11-05 10:57:00,74.325,74.325,0
2024-11-06 00:37:00,79.015,79.015,0
2024-11-06 17:21:00,64.385,64.385,0
2024-11-06 23:04:00,68.845,68.845,0
2024-11-07 01:18:00,75.972,75.972,0
2024-11-07 04:13:00,69.577,69.577,0
2024-11-07 07:43:00,50.691,50.691,0
2024-11-07 09:34:00,63.037,63.037,0
2024-11-07 09:41:00,63.583,63.583,0
2024-11-07 14:33:00,80.033,80.033,0
2024-11-08 06:08:00,60.442,60.442,0
2024-11-08 09:41:00,60.712,60.712,0
2024-11-08 13:24:00,85.499,85.499,0
2024-11-08 21:26:00,63.441,63.441,0
2024-11-09 07:40:00,47.104,47.104,0
2024-11-09 09:28:00,58.796,58.796,0
2024-11-09 23:36:00,71.662,71.662,0
2024-11-10 00:55:00,78.976,78.976,0
2024-11-10 05:34:00,64.21,64.21,0
2024-11-10 21:25:00,70.628,70.628,0
2024-11-10 21:51:00,62.222,62.222,0
2024-11-11 11:00:00,76.919,76.919,0
2024-11-11 12:42:00,82.174,82.174,0
2024-11-11 16:11:00,73.712,73.712,0
2024-11-11 17:19:00,58.799,58.799,0
2024-11-11 23:14:00,72.682,72.682,0
2024-11-12 01:06:00,86.077,86.077,0
2024-11-12 07:11:00,51.861,51.861,0
2024-11-12 12:08:00,82.767,82.767,0
2024-11-13 20:00:00,59.286,59.286,0
2024-11-13 20:48:00,59.012,59.012,0
2024-11-14 05:38:00,67.343,67.343,0
2024-11-14 15:32:00,78.463,78.463,0
2024-11-14 21:48:00,63.706,63.706,0
2024-11-15 17:01:00,61.06,61.06,0
2024-11-15 17:44:00,60.5,60.5,0
2024-11-15 21:39:00,67.851,67.851,0
2024-11-16 00:21:00,80.245,80.245,0
2024-11-16 01:49:00,80.817,80.817,0
2024-11-16 07:27:00,54.526,54.526,0
2024-11-17 00:51:00,80.374,80.374,0
2024-11-17 07:18:00,52.643,52.643,0
2024-11-18 00:28:00,82.277,82.277,0
2024-11-18 10:18:00,73.271,73.271,0
2024-11-18 13:37:00,85.03,85.03,0
2024-11-18 16:00:00,68.736,68.736,0
2024-11-19 03:47:00,70.839,70.839,0
2024-11-19 10:46:00,77.63,77.63,0
2024-11-19 17:36:00,62.216,62.216,0
2024-11-19 19:39:00,49.187,49.187,0
2024-11-19 22:41:00,69.275,69.275,0
2024-11-20 22:33:00,66.013,66.013,0
2024-11-21 06:03:00,60.565,60.565,0
2024-11-21 08:12:00,47.401,47.401,0
2024-11-21 23:34:00,69.095,69.095,0
2024-11-22 12:04:00,77.648,77.648,0
2024-11-22 13:17:00,84.361,84.361,0
2024-11-22 16:45:00,72.563,72.563,0
2024-11-23 04:09:00,67.044,67.044,0
2024-11-23 09:20:00,61.668,61.668,0
2024-11-24 16:52:00,69.702,69.702,0
2024-11-24 22:17:00,69.532,69.532,0
2024-11-25 01:19:00,81.323,81.323,0
2024-11-25 02:19:00,81.461,81.461,0
2024-11-25 20:47:00,54.264,54.264,0
2024-11-26 08:54:00,51.696,51.696,0
2024-11-26 10:38:00,73.151,73.151,0
2024-11-27 04:10:00,71.928,71.928,0
2024-11-27 23:06:00,69.515,69.515,0
2024-11-28 10:54:00,75.984,75.984,0
2024-11-28 12:30:00,84.239,84.239,0
2024-11-28 16:05:00,69.874,69.874,0
2024-11-29 05:20:00,67.213,67.213,0
2024-11-29 06:07:00,61.544,61.544,0
2024-11-29 11:10:00,78.097,78.097,0
2024-11-30 05:19:00,66.135,66.135,0
2024-11-30 05:56:00,67.677,93.5709625511255,1
2024-11-30 17:55:00,60.333,60.333,0
2024-12-01 05:27:00,58.268,58.268,0
2024-12-01 09:32:00,61.814,61.814,0
2024-12-01 14:04:00,76.031,76.031,0
2024-12-01 14:08:00,79.002,79.002,0
2024-12-01 15:15:00,82.205,82.205,0
2024-12-02 07:43:00,53.097,53.097,0
2024-12-02 07:55:00,55.414,55.414,0
2024-12-02 11:34:00,81.8,81.8,0
2024-12-02 15:19:00,79.929,79.929,0
2024-12-02 18:44:00,51.459,51.459,0
2024-12-02 20:00:00,60.559,60.559,0
2024-12-02 21:31:00,64.578,64.578,0
2024-12-03 02:38:00,78.696,78.696,0
2024-12-04 01:54:00,81.159,81.159,0
2024-12-04 16:12:00,74.765,74.765,0
2024-12-04 19:25:00,53.917,53.917,0
2024-12-05 03:37:00,74.619,74.619,0
2024-12-05 12:12:00,78.357,78.357,0
2024-12-05 14:58:00,79.817,79.817,0
2024-12-05 20:17:00,59.719,59.719,0
2024-12-05 23:02:00,70.273,12.482109203607722,1
2024-12-06 01:25:00,76.009,76.009,0
2024-12-06 01:49:00,80.202,80.202,0
2024-12-06 04:33:00,66.785,66.785,0
2024-12-07 05:33:00,67.487,67.487,0
2024-12-07 18:33:00,49.48,49.48,0
2024-12-08 03:22:00,75.692,75.692,0
2024-12-08 03:56:00,75.039,75.039,0
2024-12-08 07:01:00,52.344,52.344,0
2024-12-08 08:37:00,51.455,51.455,0
2024-12-08 13:33:00,80.462,80.462,0
2024-12-08 17:14:00,64.165,64.165,0
2024-12-08 22:44:00,66.68,66.68,0
2024-12-09 01:41:00,81.848,81.848,0
2024-12-09 07:55:00,51.836,51.836,0
2024-12-10 00:27:00,76.951,76.951,0
2024-12-10 10:30:00,74.837,74.837,0
2024-12-10 12:39:00,79.922,79.922,0
2024-12-10 22:50:00,70.087,70.087,0
2024-12-11 01:56:00,83.096,83.096,0
2024-12-11 11:46:00,73.524,73.524,0
2024-12-11 20:22:00,64.249,64.249,0
2024-12-12 02:10:00,79.257,79.257,0
2024-12-12 10:36:00,76.876,76.876,0
2024-12-12 14:35:00,82.898,82.898,0
2024-12-12 16:58:00,73.278,73.278,0
2024-12-13 02:18:00,77.626,77.626,0
2024-12-13 09:17:00,61.021,61.021,0
2024-12-13 10:18:00,72.11,72.11,0
2024-12-14 04:33:00,71.276,71.276,0
2024-12-14 10:24:00,73.897,73.897,0
2024-12-14 11:59:00,82.624,82.624,0
2024-12-15 04:04:00,69.665,69.665,0
2024-12-15 10:54:00,71.431,71.431,0
2024-12-15 12:51:00,78.634,78.634,0
2024-12-15 13:46:00,80.937,80.937,0
2024-12-15 20:01:00,61.323,61.323,0
2024-12-15 20:06:00,61.425,61.425,0
2024-12-16 08:49:00,49.117,49.117,0
2024-12-17 17:23:00,54.432,54.432,0
2024-12-19 01:12:00,78.114,78.114,0
2024-12-19 08:19:00,51.982,51.982,0
2024-12-19 16:30:00,72.204,72.204,0
2024-12-19 21:46:00,66.929,66.929,0
2024-12-20 09:57:00,60.471,60.471,0
2024-12-20 20:48:00,58.112,58.112,0
2024-12-21 00:53:00,77.961,77.961,0
2024-12-21 01:09:00,77.521,77.521,0
2024-12-21 01:59:00,83.679,83.679,0
2024-12-21 16:28:00,72.546,72.546,0
2024-12-21 18:19:00,48.348,48.348,0
2024-12-21 19:17:00,49.937,49.937,0
2024-12-22 00:55:00,83.579,83.579,0
2024-12-22 04:51:00,74.206,74.206,0
2024-12-22 13:25:00,82.245,82.245,0
2024-12-22 15:52:00,79.995,79.995,0
2024-12-23 11:29:00,78.272,78.272,0
2024-12-23 11:43:00,83.689,83.689,0
2024-12-24 07:33:00,51.412,51.412,0
2024-12-25 04:08:00,70.406,70.406,0
2024-12-25 07:27:00,56.103,56.103,0
2024-12-26 05:06:00,64.874,64.874,0
2024-12-26 06:00:00,57.58,57.58,0
2024-12-26 07:51:00,51.06,51.06,0
2024-12-26 14:42:00,81.511,81.511,0
2024-12-26 18:02:00,53.389,53.389,0
2024-12-26 23:47:00,69.001,69.001,0
2024-12-27 04:48:00,69.389,69.389,0
2024-12-27 11:52:00,76.492,76.492,0
2024-12-27 13:27:00,73.958,73.958,0
2024-12-28 02:56:00,84.256,84.256,0
2024-12-28 09:05:00,62.25,62.25,0
2024-12-28 19:43:00,51.157,51.157,0
2024-12-29 00:13:00,80.271,80.271,0
2024-12-29 04:03:00,66.226,66.226,0
2024-12-29 04:28:00,71.531,71.531,0
2024-12-29 22:15:00,69.168,69.168,0
2024-12-30 17:57:00,61.279,61.279,0
2024-12-31 11:24:00,82.342,82.342,0
