timestamp,power_consumption_w,power_injected,is_fault,fault_type
2023-01-01 10:12:00,7.687,7.687,0,none
2023-01-02 07:27:00,5.152,5.152,0,none
2023-01-02 17:37:00,6.241,6.241,0,none
2023-01-03 10:27:00,7.216,7.216,0,none
2023-01-03 23:31:00,7.367,7.367,0,none
2023-01-04 06:35:00,6.556,6.556,0,none
2023-01-04 09:16:00,6.058,6.058,0,none
2023-01-04 16:26:00,7.095,7.095,0,none
2023-01-04 19:41:00,5.241,5.241,0,none
2023-01-04 20:17:00,6.179,6.179,0,none
2023-01-04 22:38:00,7.044,7.044,0,none
2023-01-05 02:04:00,8.51,8.51,0,none
2023-01-05 02:24:00,8.424,8.424,0,none
2023-01-05 03:12:00,7.293,7.293,0,none
2023-01-05 05:08:00,6.543,6.543,0,none
2023-01-05 05:09:00,6.615,6.615,0,none
2023-01-05 12:00:00,8.543,8.543,0,none
2023-01-05 13:13:00,7.716,7.716,0,none
2023-01-05 16:30:00,7.167,7.167,0,none
2023-01-05 19:15:00,5.779,5.779,0,none
2023-01-05 21:04:00,6.576,6.576,0,none
2023-01-05 21:54:00,6.399,6.399,0,none
2023-01-06 01:50:00,7.569,7.569,0,none
2023-01-06 09:11:00,6.08,6.08,0,none
2023-01-06 10:36:00,7.433,7.433,0,none
2023-01-06 10:55:00,7.447,7.447,0,none
2023-01-06 17:59:00,5.717,5.717,0,none
2023-01-06 18:49:00,5.322,5.322,0,none
2023-01-06 19:29:00,5.255,5.255,0,none
2023-01-06 21:01:00,6.649,6.649,0,none
2023-01-07 20:43:00,5.995,5.995,0,none
2023-01-08 01:35:00,8.207,8.207,0,none
2023-01-08 13:36:00,8.09,8.09,0,none
2023-01-08 19:27:00,5.032,5.032,0,none
2023-01-09 10:59:00,6.679,6.679,0,none
2023-01-09 11:41:00,7.707,7.707,0,none
2023-01-09 17:12:00,6.187,6.187,0,none
2023-01-10 16:43:00,7.26,7.26,0,none
2023-01-10 22:50:00,6.356,6.356,0,none
2023-01-11 01:01:00,8.087,8.087,0,none
2023-01-11 07:59:00,5.82,5.82,0,none
2023-01-11 10:52:00,7.222,7.222,0,none
2023-01-11 11:25:00,7.93,7.93,0,none
2023-01-11 11:49:00,7.893,7.893,0,none
2023-01-11 13:42:00,8.012,8.012,0,none
2023-01-11 18:58:00,5.154,5.154,0,none
2023-01-11 22:34:00,6.647,6.647,0,none
2023-01-12 11:55:00,8.089,8.089,0,none
2023-01-12 21:05:00,6.577,6.577,0,none
2023-01-13 02:57:00,8.113,8.113,0,none
2023-01-13 06:17:00,6.41,6.41,0,none
2023-01-13 06:44:00,5.589,5.589,0,none
2023-01-13 14:34:00,7.752,7.752,0,none
2023-01-13 15:09:00,7.749,7.749,0,none
2023-01-13 15:53:00,8.004,8.004,0,none
2023-01-14 02:16:00,8.516,8.516,0,none
2023-01-14 12:32:00,7.779,7.779,0,none
2023-01-14 14:48:00,8.154,8.154,0,none
2023-01-14 22:29:00,6.762,6.762,0,none
2023-01-15 14:25:00,7.894,7.894,0,none
2023-01-15 16:10:00,7.353,7.353,0,none
2023-01-15 22:08:00,6.685,6.685,0,none
2023-01-15 22:56:00,6.61,6.61,0,none
2023-01-16 08:23:00,5.259,5.259,0,none
2023-01-16 21:13:00,6.548,6.548,0,none
2023-01-18 00:38:00,7.66,7.66,0,none
2023-01-18 13:51:00,7.973,7.973,0,none
2023-01-18 20:07:00,6.486,6.486,0,none
2023-01-18 20:43:00,5.839,5.839,0,none
2023-01-18 21:05:00,6.954,6.954,0,none
2023-01-19 11:07:00,8.428,8.428,0,none
2023-01-20 14:48:00,8.181,8.181,0,none
2023-01-21 09:14:00,6.269,6.269,0,none
2023-01-21 12:03:00,7.73,7.73,0,none
2023-01-21 22:22:00,6.84,6.84,0,none
2023-01-22 09:25:00,6.435,6.435,0,none
2023-01-22 10:10:00,7.324,7.324,0,none
2023-01-22 11:20:00,8.527,8.527,0,none
2023-01-22 18:18:00,5.343,5.343,0,none
2023-01-23 00:22:00,7.641,7.641,0,none
2023-01-23 02:49:00,7.941,7.941,0,none
2023-01-23 09:17:00,6.366,6.366,0,none
2023-01-23 15:40:00,7.714,7.714,0,none
2023-01-23 16:14:00,7.006,7.006,0,none
2023-01-23 21:10:00,6.852,6.852,0,none
2023-01-23 21:41:00,6.585,6.585,0,none
2023-01-24 02:06:00,7.86,7.86,0,none
2023-01-24 04:08:00,6.73,6.73,0,none
2023-01-24 08:07:00,4.994,4.994,0,none
2023-01-24 22:46:00,6.355,6.355,0,none
2023-01-25 04:32:00,7.152,7.152,0,none
2023-01-25 06:54:00,5.529,5.529,0,none
2023-01-25 09:54:00,6.37,6.37,0,none
2023-01-25 14:11:00,8.267,8.267,0,none
2023-01-25 14:14:00,8.213,8.213,0,none
2023-01-26 00:53:00,8.12,8.12,0,none
2023-01-26 20:41:00,5.891,5.891,0,none
2023-01-27 05:23:00,6.798,6.798,0,none
2023-01-27 07:35:00,5.504,5.504,0,none
2023-01-28 07:06:00,5.373,5.373,0,none
2023-01-28 18:13:00,5.262,5.262,0,none
2023-01-29 13:13:00,7.993,7.993,0,none
2023-01-29 20:37:00,6.248,6.248,0,none
2023-01-29 22:52:00,6.852,6.852,0,none
2023-01-30 10:30:00,7.524,7.524,0,none
2023-01-30 14:01:00,7.779,7.779,0,none
2023-01-30 22:16:00,6.553,6.553,0,none
2023-01-30 22:37:00,6.871,6.871,0,none
2023-01-31 02:06:00,8.053,8.053,0,none
2023-02-01 05:09:00,6.823,6.823,0,none
2023-02-01 05:26:00,6.98,6.98,0,none
2023-02-01 09:28:00,5.85,5.85,0,none
2023-02-02 04:11:00,6.664,6.664,0,none
2023-02-02 16:45:00,7.254,7.254,0,none
2023-02-02 20:00:00,5.875,5.875,0,none
2023-02-02 20:44:00,5.634,5.634,0,none
2023-02-03 01:27:00,8.278,8.278,0,none
2023-02-03 14:30:00,7.818,7.818,0,none
2023-02-03 23:26:00,7.392,7.392,0,none
2023-02-04 09:08:00,6.039,6.039,0,none
2023-02-04 15:17:00,7.947,7.947,0,none
2023-02-04 19:37:00,5.271,5.271,0,none
2023-02-05 10:14:00,7.865,7.865,0,none
2023-02-05 10:31:00,7.21,7.21,0,none
2023-02-05 10:32:00,7.469,7.469,0,none
2023-02-06 04:35:00,6.445,6.445,0,none
2023-02-07 08:02:00,4.85,4.85,0,none
2023-02-07 12:07:00,7.801,7.801,0,none
2023-02-07 12:31:00,8.046,8.046,0,none
2023-02-07 22:25:00,6.442,6.442,0,none
2023-02-08 02:52:00,8.381,8.381,0,none
2023-02-09 09:05:00,6.203,6.203,0,none
2023-02-09 22:20:00,6.898,6.898,0,none
2023-02-09 22:36:00,6.354,6.354,0,none
2023-02-10 04:33:00,6.828,6.828,0,none
2023-02-10 20:20:00,6.046,6.046,0,none
2023-02-11 05:32:00,6.764,6.764,0,none
2023-02-11 22:10:00,6.929,6.929,0,none
2023-02-14 04:36:00,7.127,7.127,0,none
2023-02-14 08:55:00,5.333,5.333,0,none
2023-02-15 02:05:00,7.995,7.995,0,none
2023-02-15 21:45:00,6.587,6.587,0,none
2023-02-16 04:42:00,6.876,6.876,0,none
2023-02-16 06:19:00,5.833,5.833,0,none
2023-02-16 07:56:00,5.278,5.278,0,none
2023-02-16 08:07:00,5.275,5.275,0,none
2023-02-16 22:05:00,6.727,6.727,0,none
2023-02-17 16:01:00,7.191,7.191,0,none
2023-02-17 19:22:00,4.884,4.884,0,none
2023-02-17 20:51:00,5.635,5.635,0,none
2023-02-18 05:32:00,6.631,6.631,0,none
2023-02-18 10:54:00,7.169,7.169,0,none
2023-02-18 12:03:00,8.441,8.441,0,none
2023-02-19 07:38:00,5.245,5.245,0,none
2023-02-19 08:20:00,5.291,5.291,0,none
2023-02-19 11:43:00,8.256,8.256,0,none
2023-02-19 15:31:00,8.05,8.05,0,none
2023-02-20 01:18:00,8.21,8.21,0,none
2023-02-20 12:34:00,7.959,9.060434631359922,1,spike
2023-02-20 13:33:00,8.323,8.323,0,none
2023-02-20 19:55:00,5.38,5.38,0,none
2023-02-20 19:59:00,4.905,4.905,0,none
2023-02-21 10:47:00,7.223,7.223,0,none
2023-02-21 13:10:00,7.809,7.809,0,none
2023-02-21 18:46:00,5.572,5.572,0,none
2023-02-21 22:17:00,7.066,7.066,0,none
2023-02-22 06:14:00,5.979,5.979,0,none
2023-02-22 10:24:00,7.39,7.39,0,none
2023-02-23 15:27:00,7.886,7.886,0,none
2023-02-23 17:56:00,5.851,8.57587147516485,1,spike
2023-02-23 22:11:00,6.408,6.408,0,none
2023-02-24 00:23:00,8.168,8.168,0,none
2023-02-24 00:27:00,7.992,7.992,0,none
2023-02-24 10:35:00,7.689,7.689,0,none
2023-02-24 15:59:00,8.226,8.226,0,none
2023-02-24 17:07:00,6.047,6.047,0,none
2023-02-24 21:41:00,6.507,6.507,0,none
2023-02-24 21:52:00,6.558,6.558,0,none
2023-02-25 08:41:00,5.109,5.109,0,none
2023-02-25 09:51:00,6.325,6.325,0,none
2023-02-25 16:34:00,7.08,7.08,0,none
2023-02-26 13:46:00,7.969,7.969,0,none
2023-02-27 09:23:00,6.14,6.14,0,none
2023-02-27 14:40:00,7.886,7.886,0,none
2023-02-28 10:34:00,7.479,7.479,0,none
2023-02-28 21:03:00,6.419,6.419,0,none
2023-03-01 01:48:00,7.96,7.96,0,none
2023-03-01 07:18:00,5.525,5.525,0,none
2023-03-01 20:59:00,6.206,6.206,0,none
2023-03-02 05:50:00,6.877,6.877,0,none
2023-03-02 09:07:00,6.085,6.085,0,none
2023-03-02 10:12:00,7.254,7.254,0,none
2023-03-02 10:59:00,7.651,7.651,0,none
2023-03-02 20:29:00,6.027,6.027,0,none
2023-03-02 21:04:00,6.799,6.799,0,none
2023-03-03 09:09:00,6.103,6.103,0,none
2023-03-03 09:56:00,6.056,6.056,0,none
2023-03-03 10:38:00,7.171,7.171,0,none
2023-03-03 12:10:00,7.962,7.962,0,none
2023-03-03 13:39:00,8.39,8.39,0,none
2023-03-03 13:50:00,8.112,8.112,0,none
2023-03-03 22:20:00,7.028,7.028,0,none
2023-03-04 04:39:00,6.681,6.681,0,none
2023-03-04 05:21:00,6.471,6.471,0,none
2023-03-04 08:34:00,4.821,4.821,0,none
2023-03-04 08:50:00,4.789,4.789,0,none
2023-03-04 13:45:00,7.997,7.997,0,none
2023-03-04 22:13:00,6.853,6.853,0,none
2023-03-05 07:30:00,5.545,5.545,0,none
2023-03-05 11:44:00,7.713,7.430741055448648,1,drift
2023-03-05 21:38:00,6.675,5.899880420047631,1,drift
2023-03-06 05:49:00,6.862,5.696154268676492,1,drift
2023-03-06 11:59:00,8.325,6.304297331951235,1,drift
2023-03-06 12:33:00,7.934,7.934,0,none
2023-03-07 02:25:00,7.892,7.892,0,none
2023-03-07 13:07:00,7.917,7.917,0,none
2023-03-07 23:46:00,7.452,7.452,0,none
2023-03-08 00:53:00,7.582,1.1082117342244078,1,drop
2023-03-08 04:16:00,6.676,6.676,0,none
2023-03-08 11:04:00,7.616,7.616,0,none
2023-03-08 12:13:00,7.964,7.964,0,none
2023-03-08 17:55:00,5.951,5.951,0,none
2023-03-09 05:46:00,6.406,6.406,0,none
2023-03-09 09:46:00,5.904,5.904,0,none
2023-03-09 16:48:00,6.992,6.992,0,none
2023-03-09 17:31:00,5.797,5.797,0,none
2023-03-09 20:51:00,5.85,5.85,0,none
2023-03-10 07:14:00,5.31,8.993528117219801,1,spike
2023-03-10 17:55:00,5.558,5.558,0,none
2023-03-10 21:59:00,6.485,8.57949595664328,1,spike
2023-03-11 10:39:00,7.335,7.335,0,none
2023-03-11 21:51:00,6.767,6.767,0,none
2023-03-12 03:51:00,7.307,7.307,0,none
2023-03-12 04:38:00,7.272,7.272,0,none
2023-03-12 06:06:00,5.972,5.972,0,none
2023-03-12 12:20:00,7.684,7.684,0,none
2023-03-12 18:15:00,5.234,5.234,0,none
2023-03-12 19:30:00,5.043,5.043,0,none
2023-03-13 01:16:00,8.443,8.443,0,none
2023-03-13 06:25:00,5.792,5.792,0,none
2023-03-13 07:07:00,5.447,5.447,0,none
2023-03-13 15:49:00,8.634,8.634,0,none
2023-03-13 16:17:00,7.402,7.402,0,none
2023-03-13 17:51:00,5.863,5.863,0,none
2023-03-13 18:14:00,5.093,5.093,0,none
2023-03-14 02:50:00,8.043,8.043,0,none
2023-03-14 12:50:00,8.517,8.517,0,none
2023-03-14 13:32:00,7.692,7.692,0,none
2023-03-14 14:47:00,7.745,7.745,0,none
2023-03-14 19:48:00,4.934,4.934,0,none
2023-03-16 01:48:00,7.771,7.771,0,none
2023-03-16 04:42:00,6.845,6.845,0,none
2023-03-16 04:57:00,6.701,6.701,0,none
2023-03-16 14:19:00,8.086,8.086,0,none
2023-03-16 18:25:00,5.238,5.238,0,none
2023-03-17 08:11:00,5.318,5.318,0,none
2023-03-17 09:51:00,6.09,6.09,0,none
2023-03-17 14:09:00,7.649,7.649,0,none
2023-03-17 16:58:00,7.301,7.301,0,none
2023-03-17 19:54:00,4.995,4.995,0,none
2023-03-18 00:29:00,7.879,7.879,0,none
2023-03-18 19:39:00,5.484,5.484,0,none
2023-03-18 22:41:00,7.208,7.208,0,none
2023-03-19 02:09:00,8.082,8.082,0,none
2023-03-19 12:15:00,8.217,8.217,0,none
2023-03-20 03:32:00,7.44,7.44,0,none
2023-03-20 20:51:00,5.916,5.916,0,none
2023-03-21 00:00:00,7.994,7.994,0,none
2023-03-21 01:40:00,7.879,7.879,0,none
2023-03-21 07:13:00,5.358,5.358,0,none
2023-03-21 13:50:00,7.857,7.857,0,none
2023-03-22 11:44:00,8.151,8.151,0,none
2023-03-22 13:55:00,8.108,8.108,0,none
2023-03-23 06:08:00,6.254,6.254,0,none
2023-03-23 06:10:00,6.106,6.106,0,none
2023-03-23 06:29:00,6.178,6.178,0,none
2023-03-23 07:22:00,4.978,4.978,0,none
2023-03-23 08:44:00,5.014,5.014,0,none
2023-03-23 09:32:00,6.31,6.31,0,none
2023-03-23 21:38:00,6.472,6.472,0,none
2023-03-23 21:50:00,6.865,6.865,0,none
2023-03-24 01:24:00,7.955,7.955,0,none
2023-03-24 12:37:00,7.852,7.852,0,none
2023-03-24 19:01:00,5.73,5.73,0,none
2023-03-24 22:03:00,6.537,6.537,0,none
2023-03-24 22:41:00,7.158,7.158,0,none
2023-03-24 23:01:00,6.88,6.88,0,none
2023-03-24 23:30:00,7.069,7.069,0,none
2023-03-25 00:08:00,8.165,8.165,0,none
2023-03-25 11:20:00,7.991,7.991,0,none
2023-03-25 16:04:00,7.056,7.056,0,none
2023-03-25 18:20:00,5.232,5.232,0,none
2023-03-25 22:49:00,6.987,6.987,0,none
2023-03-26 02:31:00,7.987,7.987,0,none
2023-03-26 06:40:00,5.993,5.993,0,none
2023-03-26 08:44:00,5.527,5.527,0,none
2023-03-27 12:46:00,8.148,8.148,0,none
2023-03-28 02:07:00,7.455,7.455,0,none
2023-03-28 04:25:00,7.088,7.088,0,none
2023-03-28 05:23:00,6.066,6.066,0,none
2023-03-28 06:32:00,6.203,6.203,0,none
2023-03-28 08:40:00,4.885,4.885,0,none
2023-03-28 12:51:00,8.212,8.212,0,none
2023-03-28 18:04:00,5.144,5.144,0,none
2023-03-28 22:38:00,6.587,6.587,0,none
2023-03-29 04:59:00,6.882,6.882,0,none
2023-03-29 05:50:00,6.248,6.248,0,none
2023-03-29 11:07:00,7.86,7.86,0,none
2023-03-29 19:54:00,5.585,5.585,0,none
2023-03-29 22:46:00,6.571,6.571,0,none
2023-03-31 00:40:00,8.077,8.077,0,none
2023-03-31 03:00:00,7.245,7.520890956107577,1,drift
2023-03-31 03:02:00,7.408,8.076092811602416,1,drift
2023-03-31 12:29:00,7.676,8.687688256827458,1,drift
2023-03-31 22:22:00,7.417,9.149992718084393,1,drift
2023-03-31 22:33:00,6.593,6.593,0,none
2023-04-01 00:35:00,7.977,7.977,0,none
2023-04-01 01:29:00,8.357,8.357,0,none
2023-04-01 04:13:00,7.126,7.126,0,none
2023-04-01 07:18:00,5.257,5.257,0,none
2023-04-01 12:09:00,8.038,8.038,0,none
2023-04-02 02:01:00,8.684,8.684,0,none
2023-04-02 03:56:00,7.509,7.509,0,none
2023-04-02 10:05:00,6.881,6.881,0,none
2023-04-03 02:54:00,7.849,7.849,0,none
2023-04-03 07:29:00,5.321,5.321,0,none
2023-04-03 12:30:00,8.021,8.021,0,none
2023-04-04 10:39:00,8.011,8.011,0,none
2023-04-05 04:30:00,6.812,6.812,0,none
2023-04-05 15:04:00,8.034,8.034,0,none
2023-04-05 20:03:00,6.031,6.031,0,none
2023-04-05 23:42:00,7.752,7.752,0,none
2023-04-07 05:08:00,6.344,6.344,0,none
2023-04-07 06:59:00,5.977,5.977,0,none
2023-04-07 09:17:00,6.138,6.138,0,none
2023-04-07 15:36:00,7.749,7.749,0,none
2023-04-07 15:48:00,8.151,8.151,0,none
2023-04-07 22:24:00,6.786,6.786,0,none
2023-04-08 01:06:00,8.115,8.115,0,none
2023-04-08 03:44:00,7.188,7.188,0,none
2023-04-08 04:21:00,6.789,6.789,0,none
2023-04-08 18:45:00,4.884,4.884,0,none
2023-04-08 21:12:00,6.105,6.105,0,none
2023-04-09 05:55:00,6.376,6.376,0,none
2023-04-09 09:06:00,5.736,5.736,0,none
2023-04-10 15:46:00,8.215,8.215,0,none
2023-04-10 21:46:00,6.177,6.177,0,none
2023-04-11 02:24:00,8.503,8.503,0,none
2023-04-11 06:32:00,5.726,5.726,0,none
2023-04-11 11:56:00,7.723,7.723,0,none
2023-04-12 12:07:00,8.293,8.293,0,none
2023-04-13 17:21:00,6.182,6.182,0,none
2023-04-13 23:53:00,7.35,7.35,0,none
2023-04-14 06:15:00,5.795,5.795,0,none
2023-04-14 08:00:00,4.98,4.98,0,none
2023-04-15 05:55:00,6.405,6.405,0,none
2023-04-15 19:07:00,5.692,5.692,0,none
2023-04-16 07:16:00,5.618,5.618,0,none
2023-04-16 16:42:00,7.209,7.209,0,none
2023-04-17 05:09:00,6.386,6.386,0,none
2023-04-17 14:53:00,7.976,7.976,0,none
2023-04-18 14:29:00,8.162,8.162,0,none
2023-04-18 17:01:00,6.348,6.348,0,none
2023-04-19 00:04:00,7.837,7.837,0,none
2023-04-19 13:06:00,7.8,7.8,0,none
2023-04-19 17:48:00,6.313,6.313,0,none
2023-04-20 15:45:00,8.269,8.269,0,none
2023-04-22 07:21:00,5.154,5.154,0,none
2023-04-22 09:04:00,5.793,5.793,0,none
2023-04-22 10:53:00,7.262,7.262,0,none
2023-04-22 23:53:00,7.225,7.225,0,none
2023-04-23 01:32:00,8.024,8.024,0,none
2023-04-23 03:08:00,7.271,7.271,0,none
2023-04-23 10:04:00,7.431,7.431,0,none
2023-04-23 14:49:00,7.92,7.92,0,none
2023-04-23 18:45:00,5.283,5.283,0,none
2023-04-24 20:07:00,5.923,5.923,0,none
2023-04-24 21:57:00,6.627,6.627,0,none
2023-04-25 08:33:00,5.044,5.044,0,none
2023-04-25 13:40:00,7.892,7.892,0,none
2023-04-26 09:22:00,6.165,6.165,0,none
2023-04-26 17:35:00,5.911,5.911,0,none
2023-04-26 21:04:00,6.453,6.453,0,none
2023-04-27 13:42:00,8.42,8.42,0,none
2023-04-27 15:11:00,7.589,7.589,0,none
2023-04-28 00:50:00,7.981,7.981,0,none
2023-04-28 02:20:00,8.639,8.639,0,none
2023-04-28 08:14:00,4.84,4.84,0,none
2023-04-28 10:18:00,6.953,6.953,0,none
2023-04-29 04:15:00,7.23,7.23,0,none
2023-04-29 05:04:00,6.421,6.421,0,none
2023-04-29 23:41:00,7.192,7.192,0,none
2023-04-30 07:02:00,5.336,5.336,0,none
2023-04-30 13:24:00,8.028,8.028,0,none
2023-05-01 13:38:00,8.282,8.282,0,none
2023-05-01 16:57:00,7.07,7.07,0,none
2023-05-01 21:25:00,6.382,6.382,0,none
2023-05-01 23:44:00,7.161,7.161,0,none
2023-05-03 07:48:00,4.929,4.929,0,none
2023-05-03 13:01:00,8.016,8.016,0,none
2023-05-03 14:05:00,7.94,7.94,0,none
2023-05-03 20:16:00,5.96,5.96,0,none
2023-05-03 23:13:00,7.247,7.247,0,none
2023-05-04 10:06:00,7.632,7.632,0,none
2023-05-04 12:24:00,8.155,1.6056984021862843,1,drop
2023-05-04 21:37:00,6.504,6.504,0,none
2023-05-05 00:24:00,8.054,8.054,0,none
2023-05-05 21:51:00,6.71,6.71,0,none
2023-05-05 21:59:00,6.908,6.908,0,none
2023-05-06 07:04:00,5.161,5.161,0,none
2023-05-06 10:39:00,7.108,7.108,0,none
2023-05-06 14:57:00,7.932,7.932,0,none
2023-05-07 02:19:00,8.072,8.072,0,none
2023-05-07 06:28:00,5.891,5.891,0,none
2023-05-07 14:26:00,8.179,8.179,0,none
2023-05-07 21:19:00,6.794,6.794,0,none
2023-05-08 02:37:00,8.175,8.175,0,none
2023-05-08 15:07:00,8.003,8.003,0,none
2023-05-09 11:56:00,8.42,8.42,0,none
2023-05-10 16:02:00,7.64,7.64,0,none
2023-05-10 21:00:00,6.679,6.679,0,none
2023-05-11 02:33:00,7.686,7.686,0,none
2023-05-11 04:11:00,6.728,6.728,0,none
2023-05-11 19:03:00,5.398,5.398,0,none
2023-05-12 05:10:00,6.616,6.616,0,none
2023-05-12 17:41:00,5.441,5.441,0,none
2023-05-12 22:16:00,7.385,7.385,0,none
2023-05-13 17:21:00,6.311,6.311,0,none
2023-05-13 23:14:00,7.519,7.519,0,none
2023-05-14 00:54:00,8.061,8.061,0,none
2023-05-14 17:09:00,6.488,6.488,0,none
2023-05-14 17:57:00,5.695,5.695,0,none
2023-05-14 20:04:00,6.159,6.159,0,none
2023-05-14 20:51:00,5.971,5.971,0,none
2023-05-14 22:41:00,7.417,7.417,0,none
2023-05-14 23:24:00,7.442,7.442,0,none
2023-05-15 10:31:00,6.9,6.9,0,none
2023-05-15 12:05:00,8.283,8.283,0,none
2023-05-15 12:24:00,7.971,7.971,0,none
2023-05-15 17:57:00,6.216,6.216,0,none
2023-05-15 18:57:00,5.109,5.109,0,none
2023-05-16 10:23:00,7.298,7.298,0,none
2023-05-16 12:04:00,8.171,8.171,0,none
2023-05-18 04:35:00,6.494,1.7698002205736638,1,drop
2023-05-18 14:39:00,8.092,8.092,0,none
2023-05-18 15:47:00,7.868,7.868,0,none
2023-05-18 21:35:00,6.917,6.917,0,none
2023-05-18 23:14:00,7.505,7.505,0,none
2023-05-19 09:53:00,6.13,6.13,0,none
2023-05-19 14:34:00,7.998,7.998,0,none
2023-05-19 15:32:00,7.751,7.751,0,none
2023-05-19 21:02:00,7.285,7.285,0,none
2023-05-19 23:52:00,7.084,7.084,0,none
2023-05-20 02:04:00,8.206,8.206,0,none
2023-05-20 03:59:00,7.457,7.457,0,none
2023-05-20 09:16:00,5.964,5.964,0,none
2023-05-20 20:25:00,5.725,5.725,0,none
2023-05-20 23:26:00,7.337,7.337,0,none
2023-05-21 03:26:00,6.971,6.971,0,none
2023-05-21 05:30:00,6.178,6.178,0,none
2023-05-21 09:39:00,5.953,5.953,0,none
2023-05-21 15:00:00,8.352,8.352,0,none
2023-05-21 21:40:00,6.869,6.869,0,none
2023-05-22 10:50:00,7.229,7.229,0,none
2023-05-23 03:07:00,7.5,7.5,0,none
2023-05-23 03:08:00,7.356,7.356,0,none
2023-05-23 17:41:00,6.314,6.314,0,none
2023-05-24 02:04:00,7.444,7.444,0,none
2023-05-24 03:56:00,7.664,7.664,0,none
2023-05-25 03:53:00,7.636,7.636,0,none
2023-05-26 09:28:00,6.017,6.017,0,none
2023-05-27 03:40:00,7.468,7.468,0,none
2023-05-27 08:10:00,5.654,5.654,0,none
2023-05-27 18:54:00,4.975,4.975,0,none
2023-05-27 20:03:00,5.764,5.764,0,none
2023-05-28 03:37:00,6.799,6.799,0,none
2023-05-28 07:53:00,5.082,5.082,0,none
2023-05-29 00:57:00,7.774,7.774,0,none
2023-05-29 11:23:00,7.874,7.874,0,none
2023-05-29 17:26:00,6.155,6.155,0,none
2023-05-29 19:10:00,5.267,5.267,0,none
2023-05-30 00:46:00,7.926,7.926,0,none
2023-05-30 04:27:00,6.905,6.905,0,none
2023-05-30 04:52:00,6.79,6.79,0,none
2023-05-30 06:04:00,6.222,6.222,0,none
2023-05-30 20:22:00,5.356,1.6913609845433153,1,drop
2023-05-31 13:42:00,7.935,7.935,0,none
2023-06-01 15:12:00,8.002,8.002,0,none
2023-06-01 15:48:00,8.093,8.093,0,none
2023-06-01 19:38:00,5.696,5.696,0,none
2023-06-02 01:35:00,8.262,8.262,0,none
2023-06-02 16:17:00,7.311,7.311,0,none
2023-06-02 20:53:00,5.84,5.84,0,none
2023-06-03 18:01:00,5.265,5.265,0,none
2023-06-03 21:20:00,6.798,6.798,0,none
2023-06-04 10:57:00,7.415,7.415,0,none
2023-06-04 18:41:00,4.706,4.706,0,none
2023-06-04 23:07:00,7.184,7.184,0,none
2023-06-05 00:58:00,7.957,7.957,0,none
2023-06-05 08:58:00,4.921,4.921,0,none
2023-06-05 12:30:00,7.983,7.983,0,none
2023-06-06 09:30:00,6.749,6.749,0,none
2023-06-06 12:36:00,8.456,8.456,0,none
2023-06-07 21:27:00,6.623,6.623,0,none
2023-06-08 02:04:00,8.091,8.091,0,none
2023-06-08 05:42:00,6.78,6.78,0,none
2023-06-08 13:16:00,8.343,8.343,0,none
2023-06-09 00:21:00,7.823,7.823,0,none
2023-06-09 01:35:00,7.718,7.718,0,none
2023-06-09 10:40:00,8.116,8.116,0,none
2023-06-09 19:30:00,5.294,5.294,0,none
2023-06-09 19:51:00,5.225,5.225,0,none
2023-06-09 20:35:00,5.863,5.863,0,none
2023-06-09 22:27:00,6.895,6.895,0,none
2023-06-10 04:57:00,6.401,6.401,0,none
2023-06-10 07:12:00,5.102,5.102,0,none
2023-06-10 13:31:00,7.798,7.798,0,none
2023-06-10 20:53:00,6.005,6.005,0,none
2023-06-11 20:47:00,6.002,6.002,0,none
2023-06-11 23:16:00,6.877,6.877,0,none
2023-06-12 00:53:00,8.363,8.363,0,none
2023-06-12 01:10:00,8.063,8.063,0,none
2023-06-12 01:27:00,8.313,8.313,0,none
2023-06-12 03:29:00,7.114,7.114,0,none
2023-06-12 03:34:00,7.173,7.173,0,none
2023-06-12 05:35:00,6.791,6.791,0,none
2023-06-12 08:58:00,5.404,5.404,0,none
2023-06-13 12:03:00,8.171,8.171,0,none
2023-06-13 12:55:00,8.238,8.238,0,none
2023-06-14 13:08:00,7.659,7.659,0,none
2023-06-14 14:53:00,7.65,7.65,0,none
2023-06-14 16:01:00,7.425,7.425,0,none
2023-06-15 06:10:00,5.66,5.66,0,none
2023-06-15 20:27:00,5.926,5.926,0,none
2023-06-16 00:02:00,8.09,8.09,0,none
2023-06-16 03:05:00,7.04,7.04,0,none
2023-06-16 22:51:00,6.868,6.868,0,none
2023-06-17 04:15:00,6.872,6.872,0,none
2023-06-17 07:10:00,5.329,5.329,0,none
2023-06-18 00:09:00,8.125,8.125,0,none
2023-06-18 05:30:00,6.426,6.426,0,none
2023-06-18 07:09:00,5.373,5.373,0,none
2023-06-18 14:23:00,7.77,7.77,0,none
2023-06-19 13:27:00,8.053,8.053,0,none
2023-06-19 17:47:00,5.892,5.892,0,none
2023-06-20 06:34:00,6.424,6.424,0,none
2023-06-20 06:44:00,6.029,6.029,0,none
2023-06-20 13:11:00,7.908,7.908,0,none
2023-06-21 04:20:00,7.093,7.093,0,none
2023-06-21 05:11:00,6.402,6.402,0,none
2023-06-21 14:00:00,8.31,8.31,0,none
2023-06-21 19:19:00,5.438,5.438,0,none
2023-06-22 01:04:00,7.863,8.97156085142684,1,spike
2023-06-22 02:06:00,8.069,8.069,0,none
2023-06-22 09:10:00,5.961,5.961,0,none
2023-06-22 14:43:00,7.869,7.869,0,none
2023-06-23 05:14:00,6.456,6.456,0,none
2023-06-23 05:43:00,6.566,6.566,0,none
2023-06-23 06:08:00,5.792,5.792,0,none
2023-06-23 12:11:00,7.549,7.549,0,none
2023-06-24 02:41:00,7.819,7.819,0,none
2023-06-24 10:00:00,7.354,7.354,0,none
2023-06-24 22:34:00,7.13,7.13,0,none
2023-06-24 23:36:00,7.075,7.075,0,none
2023-06-25 00:16:00,7.871,7.871,0,none
2023-06-25 01:50:00,8.144,8.144,0,none
2023-06-25 09:18:00,5.928,5.928,0,none
2023-06-25 10:08:00,7.55,7.55,0,none
2023-06-25 19:57:00,5.26,5.26,0,none
2023-06-25 22:18:00,7.098,7.098,0,none
2023-06-26 21:57:00,6.503,6.503,0,none
2023-06-26 22:59:00,6.806,6.806,0,none
2023-06-26 23:15:00,7.842,7.842,0,none
2023-06-26 23:51:00,7.03,7.03,0,none
2023-06-27 05:30:00,6.238,6.238,0,none
2023-06-27 10:25:00,7.641,7.641,0,none
2023-06-27 19:47:00,5.193,5.193,0,none
2023-06-28 21:40:00,6.542,6.542,0,none
2023-06-29 07:24:00,5.381,5.381,0,none
2023-06-29 18:40:00,5.227,5.227,0,none
2023-06-29 20:09:00,5.442,5.442,0,none
2023-06-29 23:31:00,6.911,6.911,0,none
2023-06-30 00:03:00,8.157,8.157,0,none
2023-06-30 01:36:00,7.9,7.9,0,none
2023-06-30 01:50:00,8.084,8.084,0,none
2023-06-30 04:56:00,6.901,6.901,0,none
2023-06-30 07:26:00,4.695,4.695,0,none
2023-06-30 09:10:00,6.14,6.14,0,none
2023-06-30 12:26:00,8.03,8.03,0,none
2023-06-30 16:03:00,7.579,7.579,0,none
2023-06-30 18:35:00,5.382,5.382,0,none
2023-06-30 19:49:00,5.012,5.012,0,none
2023-07-01 17:18:00,6.132,6.132,0,none
2023-07-02 06:52:00,5.804,5.804,0,none
2023-07-02 11:59:00,7.603,7.603,0,none
2023-07-03 05:33:00,6.544,6.544,0,none
2023-07-03 06:50:00,5.9,5.9,0,none
2023-07-03 06:56:00,5.889,5.889,0,none
2023-07-03 22:58:00,7.236,7.236,0,none
2023-07-04 13:49:00,7.699,7.699,0,none
2023-07-04 14:20:00,7.959,7.959,0,none
2023-07-04 15:54:00,7.865,7.865,0,none
2023-07-04 17:11:00,5.921,5.921,0,none
2023-07-04 19:10:00,5.438,5.438,0,none
2023-07-04 19:39:00,5.206,5.206,0,none
2023-07-05 11:06:00,7.929,7.929,0,none
2023-07-05 11:48:00,8.537,8.537,0,none
2023-07-05 14:37:00,8.104,8.104,0,none
2023-07-06 02:09:00,7.627,7.627,0,none
2023-07-06 06:32:00,6.043,6.043,0,none
2023-07-07 01:13:00,7.797,7.797,0,none
2023-07-07 02:29:00,8.195,8.195,0,none
2023-07-07 05:29:00,6.574,6.574,0,none
2023-07-07 06:25:00,5.885,5.885,0,none
2023-07-07 10:49:00,7.558,7.558,0,none
2023-07-07 20:01:00,6.009,6.009,0,none
2023-07-08 08:20:00,5.717,5.717,0,none
2023-07-09 20:35:00,6.18,6.18,0,none
2023-07-09 22:47:00,6.463,6.463,0,none
2023-07-10 01:30:00,7.886,7.886,0,none
2023-07-10 01:31:00,7.596,7.596,0,none
2023-07-10 03:10:00,7.33,7.33,0,none
2023-07-10 06:58:00,5.78,5.78,0,none
2023-07-10 15:46:00,8.147,8.147,0,none
2023-07-10 16:26:00,7.202,7.202,0,none
2023-07-10 16:31:00,7.189,7.189,0,none
2023-07-11 07:27:00,5.118,5.118,0,none
2023-07-11 09:49:00,5.865,5.865,0,none
2023-07-11 17:57:00,5.894,5.894,0,none
2023-07-11 19:04:00,4.925,4.925,0,none
2023-07-11 21:57:00,6.94,6.94,0,none
2023-07-11 23:08:00,7.135,7.135,0,none
2023-07-12 02:29:00,7.842,7.842,0,none
2023-07-12 22:34:00,7.195,7.195,0,none
2023-07-13 04:54:00,7.143,7.143,0,none
2023-07-13 11:12:00,7.862,7.862,0,none
2023-07-13 16:54:00,7.923,7.923,0,none
2023-07-13 20:09:00,5.94,5.94,0,none
2023-07-14 00:16:00,7.742,7.742,0,none
2023-07-14 00:47:00,7.868,7.868,0,none
2023-07-14 17:31:00,6.274,6.274,0,none
2023-07-14 22:28:00,6.576,6.576,0,none
2023-07-15 23:08:00,7.079,7.079,0,none
2023-07-16 00:08:00,8.326,8.326,0,none
2023-07-16 02:53:00,7.672,7.672,0,none
2023-07-16 16:43:00,7.276,7.276,0,none
2023-07-16 18:07:00,5.015,5.015,0,none
2023-07-16 19:17:00,5.519,5.519,0,none
2023-07-17 11:05:00,7.764,7.764,0,none
2023-07-17 18:13:00,5.471,5.471,0,none
2023-07-17 20:17:00,6.401,6.401,0,none
2023-07-18 02:37:00,8.315,8.315,0,none
2023-07-18 20:22:00,5.924,5.924,0,none
2023-07-19 11:43:00,8.06,8.06,0,none
2023-07-19 13:09:00,7.742,7.742,0,none
2023-07-19 19:32:00,5.089,5.089,0,none
2023-07-20 05:17:00,6.628,6.628,0,none
2023-07-20 08:23:00,5.177,5.177,0,none
2023-07-20 08:52:00,5.757,5.757,0,none
2023-07-20 14:04:00,7.914,7.914,0,none
2023-07-20 14:41:00,7.832,7.832,0,none
2023-07-20 19:28:00,5.082,5.082,0,none
2023-07-20 19:30:00,5.065,5.065,0,none
2023-07-22 01:39:00,7.986,7.986,0,none
2023-07-22 11:34:00,7.874,7.874,0,none
2023-07-22 14:56:00,7.668,7.668,0,none
2023-07-22 17:23:00,5.898,5.898,0,none
2023-07-23 07:10:00,5.498,5.498,0,none
2023-07-23 13:26:00,7.939,7.939,0,none
2023-07-24 13:50:00,8.187,8.187,0,none
2023-07-24 14:04:00,7.75,7.75,0,none
2023-07-25 00:02:00,7.644,7.644,0,none
2023-07-25 11:16:00,7.891,7.891,0,none
2023-07-25 17:15:00,6.426,1.1879727983358683,1,drop
2023-07-25 22:27:00,7.168,7.168,0,none
2023-07-26 03:57:00,7.602,7.602,0,none
2023-07-26 12:52:00,7.522,7.522,0,none
2023-07-26 22:19:00,6.824,6.824,0,none
2023-07-27 13:01:00,8.229,8.229,0,none
2023-07-29 02:49:00,8.478,8.478,0,none
2023-07-29 19:37:00,5.681,5.681,0,none
2023-07-29 20:56:00,6.036,6.036,0,none
2023-07-30 06:23:00,5.89,5.89,0,none
2023-07-30 19:41:00,5.186,5.186,0,none
2023-07-30 19:50:00,5.516,5.516,0,none
2023-07-31 01:49:00,8.157,8.157,0,none
2023-07-31 03:01:00,6.96,6.96,0,none
2023-07-31 10:32:00,7.296,7.296,0,none
2023-08-01 13:53:00,8.125,8.125,0,none
2023-08-02 06:36:00,5.751,5.751,0,none
2023-08-02 11:11:00,8.218,8.218,0,none
2023-08-02 11:16:00,7.806,7.806,0,none
2023-08-02 18:04:00,5.402,5.402,0,none
2023-08-02 21:54:00,6.538,6.538,0,none
2023-08-03 00:05:00,7.919,7.919,0,none
2023-08-03 17:32:00,6.235,6.235,0,none
2023-08-04 07:40:00,5.314,5.314,0,none
2023-08-04 14:12:00,7.805,7.805,0,none
2023-08-05 07:01:00,5.922,5.922,0,none
2023-08-05 19:41:00,5.409,5.409,0,none
2023-08-05 22:21:00,6.825,6.825,0,none
2023-08-06 11:23:00,8.171,8.171,0,none
2023-08-06 22:17:00,7.079,7.079,0,none
2023-08-07 04:56:00,6.836,6.836,0,none
2023-08-07 20:13:00,5.737,5.737,0,none
2023-08-08 07:33:00,5.064,5.064,0,none
2023-08-08 22:34:00,6.893,6.893,0,none
2023-08-09 00:38:00,8.471,8.471,0,none
2023-08-09 01:35:00,8.016,8.016,0,none
2023-08-09 07:18:00,5.565,5.565,0,none
2023-08-09 11:40:00,8.014,8.014,0,none
2023-08-10 10:48:00,6.802,6.802,0,none
2023-08-10 21:41:00,6.441,6.441,0,none
2023-08-11 16:07:00,7.083,7.083,0,none
2023-08-11 16:11:00,6.786,6.786,0,none
2023-08-11 19:16:00,5.557,5.557,0,none
2023-08-12 11:05:00,7.827,7.827,0,none
2023-08-12 14:45:00,8.389,8.389,0,none
2023-08-12 15:42:00,7.699,7.699,0,none
2023-08-12 18:15:00,5.155,5.155,0,none
2023-08-12 20:50:00,6.165,6.165,0,none
2023-08-13 12:54:00,8.02,8.02,0,none
2023-08-13 18:23:00,5.469,5.469,0,none
2023-08-14 18:24:00,5.316,5.316,0,none
2023-08-15 00:06:00,8.182,8.182,0,none
2023-08-15 05:44:00,6.351,6.351,0,none
2023-08-15 07:17:00,5.548,5.548,0,none
2023-08-15 08:42:00,5.317,5.317,0,none
2023-08-15 11:06:00,7.688,7.688,0,none
2023-08-15 14:18:00,8.319,8.319,0,none
2023-08-15 15:57:00,8.091,8.091,0,none
2023-08-15 16:21:00,7.164,7.164,0,none
2023-08-15 21:21:00,6.599,6.599,0,none
2023-08-16 10:09:00,7.17,7.17,0,none
2023-08-16 11:37:00,8.053,8.053,0,none
2023-08-17 17:50:00,6.035,6.035,0,none
2023-08-18 12:56:00,8.519,8.519,0,none
2023-08-18 17:46:00,5.944,5.944,0,none
2023-08-19 07:00:00,5.564,5.564,0,none
2023-08-19 21:17:00,6.771,6.771,0,none
2023-08-20 00:49:00,8.069,8.069,0,none
2023-08-20 05:36:00,6.256,6.256,0,none
2023-08-20 07:44:00,5.346,5.346,0,none
2023-08-20 11:56:00,8.146,8.146,0,none
2023-08-20 19:19:00,5.281,5.281,0,none
2023-08-20 20:16:00,5.695,5.695,0,none
2023-08-21 12:20:00,7.918,7.918,0,none
2023-08-21 19:32:00,6.021,6.021,0,none
2023-08-21 20:16:00,5.901,5.901,0,none
2023-08-22 06:23:00,6.145,6.145,0,none
2023-08-22 07:36:00,5.171,5.171,0,none
2023-08-22 22:27:00,6.858,6.858,0,none
2023-08-23 04:56:00,6.967,6.967,0,none
2023-08-23 07:15:00,5.463,5.463,0,none
2023-08-23 09:24:00,5.993,5.993,0,none
2023-08-23 15:12:00,8.328,8.328,0,none
2023-08-24 00:46:00,8.16,8.16,0,none
2023-08-24 03:55:00,7.629,7.629,0,none
2023-08-24 04:29:00,6.751,6.751,0,none
2023-08-24 07:21:00,5.219,5.219,0,none
2023-08-24 20:34:00,6.069,6.069,0,none
2023-08-24 22:45:00,7.149,7.149,0,none
2023-08-25 01:12:00,8.039,8.039,0,none
2023-08-25 07:51:00,5.42,5.42,0,none
2023-08-25 09:36:00,6.001,6.001,0,none
2023-08-25 14:24:00,8.197,8.197,0,none
2023-08-26 00:50:00,7.957,7.957,0,none
2023-08-26 02:28:00,7.693,7.693,0,none
2023-08-26 10:56:00,7.628,7.628,0,none
2023-08-26 13:09:00,7.997,7.997,0,none
2023-08-26 16:36:00,7.109,7.109,0,none
2023-08-26 18:21:00,4.54,4.54,0,none
2023-08-27 05:54:00,6.186,6.186,0,none
2023-08-27 09:13:00,6.269,6.269,0,none
2023-08-27 21:31:00,6.791,6.791,0,none
2023-08-28 03:53:00,7.099,7.099,0,none
2023-08-28 07:42:00,5.212,5.212,0,none
2023-08-28 07:48:00,5.334,5.334,0,none
2023-08-28 10:03:00,7.074,7.074,0,none
2023-08-28 10:16:00,7.123,7.123,0,none
2023-08-28 21:45:00,6.744,6.744,0,none
2023-08-29 03:39:00,7.55,7.55,0,none
2023-08-29 06:11:00,5.584,5.584,0,none
2023-08-30 01:26:00,7.836,7.836,0,none
2023-08-30 06:23:00,5.834,5.834,0,none
2023-08-30 10:36:00,7.698,7.698,0,none
2023-08-30 17:19:00,5.928,5.928,0,none
2023-08-30 22:37:00,6.76,6.76,0,none
2023-08-31 06:05:00,5.905,5.905,0,none
2023-08-31 10:50:00,7.159,7.159,0,none
2023-09-01 07:20:00,5.047,5.047,0,none
2023-09-01 16:58:00,7.631,7.631,0,none
2023-09-02 09:32:00,5.98,5.98,0,none
2023-09-02 13:20:00,8.083,8.083,0,none
2023-09-02 17:50:00,6.369,6.369,0,none
2023-09-02 18:51:00,5.092,5.092,0,none
2023-09-03 13:55:00,7.749,7.749,0,none
2023-09-03 17:45:00,6.373,6.373,0,none
2023-09-04 17:46:00,6.349,6.349,0,none
2023-09-04 22:05:00,6.902,6.902,0,none
2023-09-05 06:34:00,5.698,5.698,0,none
2023-09-05 11:36:00,7.848,7.848,0,none
2023-09-05 11:38:00,7.943,7.943,0,none
2023-09-06 21:16:00,6.744,6.744,0,none
2023-09-07 00:04:00,8.001,8.001,0,none
2023-09-07 03:22:00,7.213,7.213,0,none
2023-09-07 04:17:00,6.631,6.631,0,none
2023-09-07 12:48:00,8.177,8.177,0,none
2023-09-07 14:12:00,8.075,8.075,0,none
2023-09-07 19:10:00,5.165,5.165,0,none
2023-09-08 02:29:00,8.22,8.22,0,none
2023-09-08 02:50:00,7.658,7.658,0,none
2023-09-08 06:56:00,5.973,5.973,0,none
2023-09-08 11:02:00,8.039,8.039,0,none
2023-09-08 14:34:00,7.969,7.969,0,none
2023-09-08 17:44:00,6.071,6.071,0,none
2023-09-09 10:28:00,7.468,7.468,0,none
2023-09-09 16:34:00,7.384,7.384,0,none
2023-09-09 20:14:00,5.578,5.578,0,none
2023-09-10 00:40:00,8.311,8.311,0,none
2023-09-10 04:45:00,6.933,6.933,0,none
2023-09-10 08:32:00,5.168,5.168,0,none
2023-09-10 10:48:00,7.168,7.168,0,none
2023-09-10 21:10:00,6.587,6.587,0,none
2023-09-10 21:49:00,6.634,6.634,0,none
2023-09-11 00:02:00,7.605,7.605,0,none
2023-09-11 22:45:00,6.798,6.798,0,none
2023-09-12 14:57:00,8.199,8.199,0,none
2023-09-12 17:46:00,5.957,5.957,0,none
2023-09-12 21:14:00,6.798,6.798,0,none
2023-09-13 01:05:00,7.937,7.937,0,none
2023-09-13 08:27:00,4.737,4.737,0,none
2023-09-13 13:10:00,7.673,7.673,0,none
2023-09-13 16:17:00,7.142,7.142,0,none
2023-09-13 21:30:00,6.714,6.714,0,none
2023-09-14 02:44:00,7.907,7.907,0,none
2023-09-14 12:12:00,8.245,8.245,0,none
2023-09-14 18:40:00,5.299,5.299,0,none
2023-09-14 21:12:00,6.595,6.595,0,none
2023-09-14 23:39:00,7.228,7.228,0,none
2023-09-14 23:40:00,7.426,7.426,0,none
2023-09-15 00:06:00,7.767,7.767,0,none
2023-09-15 04:07:00,6.173,6.173,0,none
2023-09-15 04:10:00,6.485,6.485,0,none
2023-09-15 05:57:00,6.519,6.519,0,none
2023-09-15 09:59:00,5.818,5.818,0,none
2023-09-16 02:36:00,8.363,8.363,0,none
2023-09-16 16:32:00,7.139,7.139,0,none
2023-09-17 23:26:00,7.634,7.634,0,none
2023-09-17 23:58:00,7.051,7.051,0,none
2023-09-18 04:15:00,6.852,6.852,0,none
2023-09-18 07:40:00,5.036,5.036,0,none
2023-09-18 08:27:00,5.433,5.433,0,none
2023-09-18 11:46:00,7.891,7.891,0,none
2023-09-18 14:07:00,8.067,8.067,0,none
2023-09-18 18:17:00,5.626,5.626,0,none
2023-09-18 21:55:00,6.656,6.656,0,none
2023-09-19 20:29:00,5.854,5.854,0,none
2023-09-19 23:46:00,7.116,7.116,0,none
2023-09-20 01:08:00,7.904,7.904,0,none
2023-09-20 02:13:00,8.036,8.036,0,none
2023-09-20 15:48:00,8.207,8.207,0,none
2023-09-20 17:22:00,6.025,6.025,0,none
2023-09-20 21:46:00,6.659,8.91183797348968,1,spike
2023-09-21 18:33:00,5.155,5.155,0,none
2023-09-21 20:08:00,6.376,6.376,0,none
2023-09-22 09:08:00,5.782,5.782,0,none
2023-09-22 12:47:00,8.76,8.76,0,none
2023-09-22 22:02:00,6.916,6.916,0,none
2023-09-23 00:52:00,7.993,7.993,0,none
2023-09-23 01:17:00,8.192,8.192,0,none
2023-09-23 09:15:00,6.189,6.189,0,none
2023-09-23 15:46:00,7.98,7.98,0,none
2023-09-23 22:07:00,6.588,6.588,0,none
2023-09-23 23:17:00,7.221,7.221,0,none
2023-09-24 14:21:00,7.737,7.737,0,none
2023-09-25 11:08:00,7.705,7.705,0,none
2023-09-25 12:06:00,8.06,8.06,0,none
2023-09-25 15:15:00,7.864,7.864,0,none
2023-09-25 22:08:00,6.7,6.7,0,none
2023-09-25 22:35:00,6.622,6.622,0,none
2023-09-26 03:36:00,7.32,7.32,0,none
2023-09-26 05:39:00,6.154,6.154,0,none
2023-09-26 07:12:00,5.015,5.015,0,none
2023-09-26 17:02:00,6.238,6.238,0,none
2023-09-26 21:01:00,6.237,6.237,0,none
2023-09-27 00:03:00,7.771,7.771,0,none
2023-09-27 20:40:00,6.017,6.017,0,none
2023-09-28 09:28:00,6.139,6.139,0,none
2023-09-28 09:52:00,6.337,6.337,0,none
2023-09-28 21:26:00,6.331,6.331,0,none
2023-09-29 04:37:00,6.779,6.779,0,none
2023-09-29 07:43:00,5.408,5.408,0,none
2023-09-29 22:45:00,6.383,6.383,0,none
2023-09-29 23:58:00,7.319,1.3419146038967045,1,drop
2023-09-30 06:40:00,5.836,5.836,0,none
2023-09-30 08:39:00,5.619,5.619,0,none
2023-09-30 09:07:00,5.911,5.911,0,none
2023-09-30 11:40:00,7.956,7.956,0,none
2023-09-30 16:37:00,7.639,7.639,0,none
2023-10-01 03:41:00,7.151,7.151,0,none
2023-10-01 10:36:00,7.528,7.528,0,none
2023-10-01 18:10:00,5.268,5.268,0,none
2023-10-02 17:02:00,5.754,5.754,0,none
2023-10-02 19:11:00,5.258,5.258,0,none
2023-10-03 13:26:00,8.032,8.032,0,none
2023-10-03 20:58:00,5.758,5.758,0,none
2023-10-03 22:39:00,6.977,6.977,0,none
2023-10-04 05:19:00,6.767,6.767,0,none
2023-10-04 14:57:00,7.965,7.965,0,none
2023-10-04 15:00:00,7.798,7.798,0,none
2023-10-05 04:17:00,6.772,6.772,0,none
2023-10-05 13:30:00,8.073,8.073,0,none
2023-10-05 21:26:00,6.391,6.391,0,none
2023-10-06 11:32:00,7.89,7.89,0,none
2023-10-06 21:57:00,6.387,6.387,0,none
2023-10-07 02:27:00,8.356,8.356,0,none
2023-10-07 03:59:00,6.831,6.831,0,none
2023-10-07 22:44:00,6.7,6.7,0,none
2023-10-08 00:02:00,8.005,8.005,0,none
2023-10-08 02:49:00,8.19,8.19,0,none
2023-10-08 03:00:00,7.277,7.277,0,none
2023-10-08 04:55:00,6.63,6.63,0,none
2023-10-08 23:49:00,7.155,7.155,0,none
2023-10-09 06:28:00,5.781,5.781,0,none
2023-10-09 22:33:00,7.09,7.09,0,none
2023-10-10 01:17:00,7.707,7.707,0,none
2023-10-10 05:05:00,6.849,6.849,0,none
2023-10-10 12:35:00,7.705,7.705,0,none
2023-10-10 16:19:00,7.359,7.359,0,none
2023-10-10 18:22:00,5.017,5.017,0,none
2023-10-10 20:49:00,6.344,6.344,0,none
2023-10-10 21:12:00,6.235,6.235,0,none
2023-10-11 01:32:00,7.97,7.97,0,none
2023-10-11 13:12:00,7.998,7.998,0,none
2023-10-11 18:24:00,5.101,5.101,0,none
2023-10-11 23:05:00,7.032,7.032,0,none
2023-10-12 00:20:00,8.106,8.106,0,none
2023-10-12 01:09:00,8.103,8.103,0,none
2023-10-12 21:41:00,6.335,6.335,0,none
2023-10-12 22:55:00,6.843,6.843,0,none
2023-10-13 07:02:00,5.087,5.087,0,none
2023-10-13 14:02:00,8.412,8.412,0,none
2023-10-13 16:26:00,7.251,7.251,0,none
2023-10-13 18:35:00,5.267,5.267,0,none
2023-10-13 21:54:00,6.705,6.705,0,none
2023-10-13 23:08:00,6.996,6.996,0,none
2023-10-14 17:41:00,5.764,5.764,0,none
2023-10-15 00:13:00,8.44,8.44,0,none
2023-10-15 02:44:00,8.4,8.4,0,none
2023-10-15 08:54:00,5.272,5.272,0,none
2023-10-15 20:03:00,6.242,6.242,0,none
2023-10-16 04:11:00,6.519,6.519,0,none
2023-10-16 09:57:00,5.864,5.864,0,none
2023-10-17 13:54:00,8.264,8.264,0,none
2023-10-17 15:06:00,7.891,7.891,0,none
2023-10-18 04:49:00,7.332,7.332,0,none
2023-10-19 01:23:00,7.995,7.995,0,none
2023-10-19 12:27:00,8.261,8.261,0,none
2023-10-20 01:11:00,8.253,8.253,0,none
2023-10-20 14:19:00,8.063,8.063,0,none
2023-10-20 21:35:00,6.467,6.467,0,none
2023-10-20 23:15:00,7.38,7.38,0,none
2023-10-20 23:40:00,7.398,7.398,0,none
2023-10-21 08:00:00,5.12,5.12,0,none
2023-10-21 13:55:00,8.094,8.094,0,none
2023-10-21 17:44:00,5.821,5.821,0,none
2023-10-21 22:32:00,6.948,6.948,0,none
2023-10-22 00:38:00,8.153,8.153,0,none
2023-10-22 01:19:00,8.442,8.442,0,none
2023-10-22 04:12:00,6.4,6.4,0,none
2023-10-22 20:28:00,6.065,6.065,0,none
2023-10-23 13:14:00,7.583,9.069219951878807,1,spike
2023-10-24 07:49:00,5.421,5.421,0,none
2023-10-24 10:25:00,7.444,7.444,0,none
2023-10-24 17:35:00,5.878,5.878,0,none
2023-10-24 19:50:00,5.292,5.292,0,none
2023-10-24 21:16:00,6.633,6.633,0,none
2023-10-25 03:35:00,7.645,7.645,0,none
2023-10-25 18:05:00,5.358,5.358,0,none
2023-10-25 20:45:00,6.263,6.263,0,none
2023-10-25 23:20:00,7.555,7.555,0,none
2023-10-26 00:40:00,7.973,7.973,0,none
2023-10-26 02:09:00,7.828,7.828,0,none
2023-10-26 03:51:00,7.729,7.729,0,none
2023-10-26 04:09:00,6.953,6.953,0,none
2023-10-26 15:11:00,7.884,7.884,0,none
2023-10-26 17:37:00,6.016,6.016,0,none
2023-10-26 20:26:00,5.628,5.628,0,none
2023-10-27 00:30:00,8.213,8.213,0,none
2023-10-27 03:53:00,7.234,7.234,0,none
2023-10-27 05:31:00,6.442,6.442,0,none
2023-10-27 16:09:00,6.927,6.927,0,none
2023-10-28 00:00:00,7.864,7.864,0,none
2023-10-28 06:50:00,6.121,6.121,0,none
2023-10-28 12:37:00,7.984,7.984,0,none
2023-10-28 14:50:00,8.066,8.066,0,none
2023-10-28 21:26:00,6.969,6.969,0,none
2023-10-29 01:59:00,7.813,7.813,0,none
2023-10-29 05:52:00,6.877,6.877,0,none
2023-10-29 08:33:00,5.128,5.128,0,none
2023-10-29 12:42:00,7.919,7.919,0,none
2023-10-29 15:52:00,8.115,8.115,0,none
2023-10-29 20:03:00,6.164,6.164,0,none
2023-10-30 01:52:00,7.993,7.993,0,none
2023-10-31 01:25:00,8.241,8.241,0,none
2023-10-31 02:22:00,8.336,8.336,0,none
2023-10-31 02:37:00,7.905,7.905,0,none
2023-10-31 10:18:00,7.193,7.193,0,none
2023-10-31 20:30:00,6.053,6.053,0,none
2023-11-01 10:48:00,7.4,7.4,0,none
2023-11-01 12:42:00,7.805,7.805,0,none
2023-11-01 20:05:00,6.073,6.073,0,none
2023-11-02 14:16:00,7.726,7.726,0,none
2023-11-02 23:06:00,7.38,7.38,0,none
2023-11-03 07:42:00,4.859,4.859,0,none
2023-11-03 13:42:00,7.876,7.876,0,none
2023-11-03 20:45:00,5.778,5.778,0,none
2023-11-03 22:39:00,6.467,6.467,0,none
2023-11-04 02:17:00,7.732,7.732,0,none
2023-11-04 07:01:00,5.635,5.635,0,none
2023-11-04 11:47:00,8.635,8.635,0,none
2023-11-04 13:13:00,8.112,8.112,0,none
2023-11-04 18:01:00,5.814,5.814,0,none
2023-11-05 00:49:00,8.371,8.371,0,none
2023-11-05 07:29:00,5.457,5.457,0,none
2023-11-05 21:57:00,6.601,6.601,0,none
2023-11-06 08:52:00,4.934,4.934,0,none
2023-11-06 14:21:00,7.603,7.603,0,none
2023-11-06 15:44:00,7.823,7.823,0,none
2023-11-07 03:54:00,7.878,7.878,0,none
2023-11-07 04:02:00,7.106,7.106,0,none
2023-11-08 06:03:00,6.157,6.157,0,none
2023-11-08 16:52:00,7.546,7.546,0,none
2023-11-08 16:52:00,7.494,7.494,0,none
2023-11-09 02:15:00,8.037,8.037,0,none
2023-11-10 20:41:00,6.122,9.397647770781553,1,spike
2023-11-11 04:48:00,6.642,6.642,0,none
2023-11-11 09:26:00,5.808,5.808,0,none
2023-11-11 12:30:00,7.407,7.407,0,none
2023-11-11 16:48:00,6.895,6.895,0,none
2023-11-11 17:20:00,6.338,6.338,0,none
2023-11-12 00:29:00,7.594,7.594,0,none
2023-11-12 05:38:00,6.827,6.827,0,none
2023-11-12 12:07:00,7.859,7.859,0,none
2023-11-12 14:09:00,8.026,8.026,0,none
2023-11-12 22:16:00,6.827,6.827,0,none
2023-11-13 16:09:00,7.261,7.261,0,none
2023-11-13 21:48:00,6.364,6.364,0,none
2023-11-15 00:04:00,8.437,1.765431640546753,1,drop
2023-11-15 02:46:00,7.793,7.793,0,none
2023-11-15 10:17:00,7.132,7.132,0,none
2023-11-16 00:27:00,7.705,7.705,0,none
2023-11-16 02:29:00,8.297,8.297,0,none
2023-11-16 21:43:00,6.42,6.42,0,none
2023-11-17 19:47:00,5.349,5.349,0,none
2023-11-17 20:54:00,6.069,6.069,0,none
2023-11-17 23:12:00,7.028,7.028,0,none
2023-11-18 01:16:00,7.834,7.834,0,none
2023-11-18 07:47:00,5.436,5.436,0,none
2023-11-18 13:59:00,8.174,8.174,0,none
2023-11-18 22:44:00,6.843,6.843,0,none
2023-11-19 01:57:00,7.67,7.67,0,none
2023-11-20 00:59:00,7.664,7.664,0,none
2023-11-20 07:27:00,5.527,5.527,0,none
2023-11-20 11:44:00,7.977,7.977,0,none
2023-11-21 05:52:00,6.758,6.758,0,none
2023-11-21 10:15:00,7.21,7.21,0,none
2023-11-21 13:34:00,7.962,7.962,0,none
2023-11-21 13:55:00,8.278,8.278,0,none
2023-11-22 03:38:00,7.298,7.298,0,none
2023-11-22 04:47:00,6.679,6.679,0,none
2023-11-22 10:11:00,7.302,1.6774324552461595,1,drop
2023-11-22 15:44:00,8.266,8.266,0,none
2023-11-23 01:08:00,8.125,8.125,0,none
2023-11-23 03:51:00,7.41,7.41,0,none
2023-11-23 07:04:00,5.462,5.462,0,none
2023-11-23 07:46:00,5.442,5.442,0,none
2023-11-23 13:27:00,8.325,8.325,0,none
2023-11-23 14:04:00,7.781,7.781,0,none
2023-11-24 06:23:00,5.775,5.775,0,none
2023-11-24 13:08:00,7.469,7.469,0,none
2023-11-24 13:33:00,7.671,7.671,0,none
2023-11-24 18:52:00,5.748,5.748,0,none
2023-11-25 05:28:00,6.329,1.249416547140579,1,drop
2023-11-25 15:22:00,8.079,0.8818721597815258,1,drop
2023-11-26 08:35:00,5.355,5.355,0,none
2023-11-26 13:54:00,7.816,7.816,0,none
2023-11-26 23:03:00,7.318,7.318,0,none
2023-11-27 02:24:00,7.676,1.6809789071405283,1,drop
2023-11-27 06:24:00,6.061,6.061,0,none
2023-11-27 08:06:00,5.49,5.49,0,none
2023-11-27 21:10:00,6.489,6.489,0,none
2023-11-28 03:53:00,7.326,7.326,0,none
2023-11-28 06:31:00,5.776,5.776,0,none
2023-11-29 08:16:00,5.297,5.297,0,none
2023-11-30 00:14:00,7.773,7.773,0,none
2023-11-30 03:17:00,6.993,6.993,0,none
2023-11-30 05:48:00,6.588,6.588,0,none
2023-12-01 07:35:00,5.508,5.508,0,none
2023-12-01 14:23:00,7.716,7.716,0,none
2023-12-01 20:44:00,5.987,5.987,0,none
2023-12-02 01:33:00,7.939,7.939,0,none
2023-12-02 10:32:00,7.972,7.972,0,none
2023-12-02 13:02:00,8.212,8.212,0,none
2023-12-02 15:18:00,8.048,8.048,0,none
2023-12-02 19:57:00,5.276,5.276,0,none
2023-12-02 21:50:00,6.459,6.459,0,none
2023-12-03 05:41:00,6.415,6.415,0,none
2023-12-03 07:45:00,5.339,5.339,0,none
2023-12-03 13:07:00,7.921,7.921,0,none
2023-12-04 07:03:00,5.546,5.546,0,none
2023-12-04 17:31:00,6.108,6.108,0,none
2023-12-05 16:13:00,7.334,7.334,0,none
2023-12-06 00:24:00,8.299,8.299,0,none
2023-12-06 01:27:00,7.97,7.97,0,none
2023-12-06 11:59:00,8.05,8.05,0,none
2023-12-06 22:10:00,6.796,6.796,0,none
2023-12-07 04:46:00,6.985,6.985,0,none
2023-12-07 11:17:00,8.345,8.345,0,none
2023-12-08 06:07:00,5.909,5.909,0,none
2023-12-08 06:42:00,5.979,5.979,0,none
2023-12-09 10:03:00,7.483,7.483,0,none
2023-12-09 11:39:00,8.444,8.444,0,none
2023-12-09 15:13:00,7.804,7.804,0,none
2023-12-09 16:51:00,7.562,7.562,0,none
2023-12-09 17:33:00,5.946,5.946,0,none
2023-12-10 15:47:00,7.635,7.635,0,none
2023-12-10 19:43:00,5.337,5.337,0,none
2023-12-10 22:17:00,7.201,7.201,0,none
2023-12-12 11:07:00,7.458,7.458,0,none
2023-12-13 01:47:00,8.044,8.044,0,none
2023-12-13 16:55:00,7.565,7.565,0,none
2023-12-13 23:44:00,6.72,6.72,0,none
2023-12-14 06:43:00,5.916,5.916,0,none
2023-12-14 09:11:00,5.8,5.8,0,none
2023-12-14 19:04:00,5.403,5.403,0,none
2023-12-15 04:54:00,7.193,7.193,0,none
2023-12-15 06:23:00,6.083,6.083,0,none
2023-12-15 07:48:00,5.756,5.756,0,none
2023-12-15 12:16:00,8.11,8.11,0,none
2023-12-15 20:42:00,5.793,5.793,0,none
2023-12-16 03:18:00,7.151,7.151,0,none
2023-12-16 06:57:00,5.973,5.973,0,none
2023-12-16 22:59:00,6.619,6.619,0,none
2023-12-17 02:57:00,7.974,7.974,0,none
2023-12-17 11:38:00,7.891,7.891,0,none
2023-12-18 05:42:00,6.486,6.486,0,none
2023-12-18 15:00:00,8.621,8.621,0,none
2023-12-18 22:23:00,6.671,6.671,0,none
2023-12-19 15:27:00,7.826,7.826,0,none
2023-12-19 18:29:00,5.371,5.371,0,none
2023-12-19 20:20:00,5.807,5.807,0,none
2023-12-20 02:24:00,7.967,7.967,0,none
2023-12-20 12:59:00,7.563,7.563,0,none
2023-12-20 15:00:00,8.367,8.367,0,none
2023-12-20 16:55:00,7.857,7.857,0,none
2023-12-20 20:20:00,5.952,5.952,0,none
2023-12-21 08:01:00,5.4,5.4,0,none
2023-12-21 11:05:00,8.431,8.431,0,none
2023-12-22 11:13:00,7.998,7.998,0,none
2023-12-22 15:23:00,7.83,7.83,0,none
2023-12-22 20:15:00,6.635,6.635,0,none
2023-12-22 21:40:00,6.675,6.675,0,none
2023-12-23 02:00:00,8.088,8.088,0,none
2023-12-23 09:11:00,5.798,5.798,0,none
2023-12-23 10:17:00,7.742,7.742,0,none
2023-12-23 11:03:00,8.524,8.524,0,none
2023-12-23 12:01:00,7.681,7.681,0,none
2023-12-24 07:28:00,5.495,5.495,0,none
2023-12-24 19:29:00,4.802,4.802,0,none
2023-12-27 01:48:00,7.72,7.72,0,none
2023-12-27 02:27:00,8.62,8.62,0,none
2023-12-27 06:23:00,6.524,6.524,0,none
2023-12-27 17:43:00,6.072,6.072,0,none
2023-12-27 21:07:00,6.275,6.275,0,none
2023-12-28 01:53:00,8.04,8.04,0,none
2023-12-28 03:21:00,8.034,8.034,0,none
2023-12-29 01:04:00,8.075,8.075,0,none
2023-12-29 03:15:00,7.351,7.351,0,none
2023-12-29 04:05:00,6.975,6.975,0,none
2023-12-29 11:58:00,7.881,7.881,0,none
2023-12-29 16:55:00,6.885,6.885,0,none
2023-12-29 19:53:00,5.56,5.56,0,none
2023-12-29 20:03:00,6.203,6.203,0,none
2023-12-30 03:09:00,6.93,6.93,0,none
2023-12-30 03:42:00,7.298,7.298,0,none
2023-12-30 21:12:00,6.647,6.647,0,none
2023-12-30 21:43:00,7.036,7.036,0,none
2023-12-31 12:44:00,7.975,7.975,0,none
2023-12-31 23:33:00,7.01,7.01,0,none
2024-01-01 00:19:00,7.98,7.98,0,none
2024-01-01 05:17:00,6.743,6.743,0,none
2024-01-01 09:02:00,5.923,5.923,0,none
2024-01-01 10:44:00,7.351,7.351,0,none
2024-01-01 13:03:00,8.168,8.168,0,none
2024-01-01 16:56:00,7.242,7.242,0,none
2024-01-01 20:01:00,6.099,6.099,0,none
2024-01-01 20:08:00,6.322,6.322,0,none
2024-01-01 22:47:00,6.881,6.881,0,none
2024-01-02 04:24:00,6.7,6.7,0,none
2024-01-02 05:13:00,6.536,6.536,0,none
2024-01-02 08:44:00,5.447,5.447,0,none
2024-01-02 09:35:00,6.196,6.196,0,none
2024-01-02 10:24:00,7.152,9.318073681636065,1,spike
2024-01-02 11:34:00,7.68,7.68,0,none
2024-01-02 11:42:00,8.238,8.238,0,none
2024-01-03 07:40:00,5.148,5.148,0,none
2024-01-03 12:51:00,8.116,8.116,0,none
2024-01-03 20:18:00,6.09,6.09,0,none
2024-01-04 02:52:00,7.855,7.855,0,none
2024-01-04 13:39:00,8.142,8.142,0,none
2024-01-04 18:15:00,5.086,5.086,0,none
2024-01-04 20:15:00,6.338,6.338,0,none
2024-01-05 01:53:00,7.842,7.842,0,none
2024-01-05 14:36:00,7.976,7.976,0,none
2024-01-06 17:45:00,6.051,6.051,0,none
2024-01-07 04:40:00,6.443,6.443,0,none
2024-01-07 09:11:00,5.989,5.989,0,none
2024-01-07 10:50:00,7.304,7.304,0,none
2024-01-07 16:30:00,7.76,7.76,0,none
2024-01-08 01:07:00,8.169,8.169,0,none
2024-01-08 03:33:00,6.795,6.795,0,none
2024-01-08 17:50:00,6.057,6.057,0,none
2024-01-09 07:50:00,5.109,5.109,0,none
2024-01-09 13:49:00,7.664,7.664,0,none
2024-01-10 11:53:00,7.408,7.408,0,none
2024-01-10 17:43:00,6.236,6.236,0,none
2024-01-10 18:24:00,5.298,5.298,0,none
2024-01-10 19:57:00,5.099,5.099,0,none
2024-01-12 04:07:00,6.724,6.724,0,none
2024-01-12 20:15:00,6.15,6.15,0,none
2024-01-12 21:41:00,6.28,6.28,0,none
2024-01-13 07:32:00,4.812,5.217124640216313,1,drift
2024-01-13 09:00:00,6.09,6.667993440046066,1,drift
2024-01-13 13:52:00,8.115,9.42281835840427,1,drift
2024-01-13 21:32:00,6.756,8.092029095253073,1,drift
2024-01-14 00:55:00,8.304,8.304,0,none
2024-01-14 09:55:00,5.977,5.977,0,none
2024-01-14 14:27:00,7.477,7.477,0,none
2024-01-14 16:50:00,7.365,7.365,0,none
2024-01-14 19:53:00,5.204,5.204,0,none
2024-01-15 03:09:00,7.139,7.139,0,none
2024-01-15 08:43:00,5.096,5.096,0,none
2024-01-15 12:24:00,8.039,8.039,0,none
2024-01-15 17:26:00,6.341,6.341,0,none
2024-01-15 23:12:00,7.253,7.253,0,none
2024-01-16 01:36:00,7.896,7.896,0,none
2024-01-16 09:06:00,6.161,6.161,0,none
2024-01-16 15:15:00,8.065,8.065,0,none
2024-01-17 01:56:00,8.072,8.072,0,none
2024-01-17 08:39:00,4.79,4.79,0,none
2024-01-17 11:24:00,8.449,8.449,0,none
2024-01-17 12:00:00,7.752,7.752,0,none
2024-01-17 15:16:00,7.581,7.581,0,none
2024-01-17 15:53:00,7.649,7.649,0,none
2024-01-18 02:00:00,8.192,8.192,0,none
2024-01-18 13:35:00,8.217,8.217,0,none
2024-01-18 17:15:00,5.856,5.856,0,none
2024-01-19 09:57:00,6.084,6.084,0,none
2024-01-19 21:21:00,6.662,6.662,0,none
2024-01-20 22:57:00,6.506,6.506,0,none
2024-01-20 23:44:00,7.572,1.5850156613848283,1,drop
2024-01-21 04:43:00,7.054,7.054,0,none
2024-01-21 08:01:00,5.319,5.319,0,none
2024-01-21 11:49:00,8.029,8.029,0,none
2024-01-21 13:06:00,7.998,7.998,0,none
2024-01-21 21:45:00,6.28,6.28,0,none
2024-01-22 05:01:00,6.2,6.2,0,none
2024-01-22 09:58:00,6.212,6.212,0,none
2024-01-22 10:46:00,7.444,7.444,0,none
2024-01-22 13:49:00,7.895,7.895,0,none
2024-01-22 22:36:00,6.766,6.766,0,none
2024-01-23 00:32:00,8.264,8.264,0,none
2024-01-23 04:03:00,6.865,6.865,0,none
2024-01-23 17:52:00,6.365,6.365,0,none
2024-01-23 20:47:00,5.747,5.747,0,none
2024-01-23 21:50:00,6.728,6.728,0,none
2024-01-24 01:34:00,7.992,7.992,0,none
2024-01-25 11:19:00,7.644,7.644,0,none
2024-01-25 15:06:00,7.823,7.823,0,none
2024-01-25 15:19:00,7.519,7.519,0,none
2024-01-25 18:21:00,5.483,5.483,0,none
2024-01-26 04:19:00,6.686,6.686,0,none
2024-01-26 06:54:00,6.091,6.091,0,none
2024-01-27 05:25:00,7.005,7.005,0,none
2024-01-27 16:55:00,7.29,7.29,0,none
2024-01-28 09:29:00,6.366,6.366,0,none
2024-01-28 11:38:00,7.695,7.695,0,none
2024-01-28 12:22:00,7.78,7.78,0,none
2024-01-28 13:12:00,7.869,7.869,0,none
2024-01-29 01:33:00,8.348,8.348,0,none
2024-01-29 04:11:00,6.699,6.699,0,none
2024-01-29 13:23:00,8.108,8.108,0,none
2024-01-29 22:30:00,7.128,7.128,0,none
2024-01-30 14:45:00,8.063,8.063,0,none
2024-01-31 01:34:00,7.945,7.945,0,none
2024-02-01 11:13:00,7.922,7.922,0,none
2024-02-01 14:55:00,7.874,7.874,0,none
2024-02-01 18:32:00,4.805,4.805,0,none
2024-02-01 18:34:00,5.163,5.163,0,none
2024-02-01 20:34:00,6.113,6.113,0,none
2024-02-02 06:50:00,5.679,5.679,0,none
2024-02-02 21:51:00,6.621,6.621,0,none
2024-02-03 00:44:00,8.368,8.368,0,none
2024-02-03 08:08:00,4.517,4.517,0,none
2024-02-03 08:13:00,5.432,5.432,0,none
2024-02-03 08:49:00,5.122,5.122,0,none
2024-02-03 22:16:00,6.819,6.819,0,none
2024-02-04 08:39:00,4.983,4.983,0,none
2024-02-04 09:32:00,5.993,5.993,0,none
2024-02-04 11:25:00,8.02,8.02,0,none
2024-02-04 15:22:00,7.7,7.7,0,none
2024-02-04 18:43:00,5.433,5.433,0,none
2024-02-05 06:22:00,5.852,5.852,0,none
2024-02-05 12:04:00,7.993,7.993,0,none
2024-02-05 19:42:00,5.097,5.097,0,none
2024-02-05 22:18:00,6.741,0.7206633670040705,1,drop
2024-02-05 23:32:00,7.0,7.0,0,none
2024-02-06 04:46:00,6.387,6.387,0,none
2024-02-06 13:44:00,7.471,7.471,0,none
2024-02-06 18:57:00,5.477,5.477,0,none
2024-02-06 19:47:00,5.237,5.237,0,none
2024-02-07 02:54:00,8.055,8.055,0,none
2024-02-07 07:23:00,4.917,4.917,0,none
2024-02-07 12:25:00,8.389,8.389,0,none
2024-02-08 09:06:00,5.94,5.94,0,none
2024-02-10 12:14:00,7.986,7.986,0,none
2024-02-11 05:29:00,6.783,6.783,0,none
2024-02-11 09:55:00,6.191,6.191,0,none
2024-02-11 13:50:00,7.916,7.916,0,none
2024-02-11 16:30:00,8.008,8.008,0,none
2024-02-11 17:06:00,6.228,6.228,0,none
2024-02-12 02:55:00,7.961,7.961,0,none
2024-02-12 07:49:00,5.401,5.401,0,none
2024-02-12 08:02:00,4.859,4.859,0,none
2024-02-13 04:34:00,7.033,7.033,0,none
2024-02-13 08:53:00,5.117,5.117,0,none
2024-02-13 17:18:00,5.857,5.857,0,none
2024-02-14 13:56:00,8.707,8.707,0,none
2024-02-14 20:10:00,6.196,6.196,0,none
2024-02-14 22:17:00,6.499,6.499,0,none
2024-02-15 10:12:00,7.797,9.421128521841286,1,spike
2024-02-15 11:12:00,7.847,7.847,0,none
2024-02-15 11:44:00,7.891,7.891,0,none
2024-02-16 02:04:00,8.245,8.245,0,none
2024-02-16 05:15:00,6.861,6.861,0,none
2024-02-16 06:27:00,6.13,6.13,0,none
2024-02-16 15:47:00,8.239,8.239,0,none
2024-02-17 02:36:00,7.851,7.851,0,none
2024-02-17 04:51:00,6.927,6.927,0,none
2024-02-17 11:55:00,7.991,7.991,0,none
2024-02-17 13:53:00,7.971,7.971,0,none
2024-02-18 00:27:00,7.779,7.779,0,none
2024-02-18 12:37:00,7.449,7.449,0,none
2024-02-18 13:53:00,8.184,8.184,0,none
2024-02-18 14:07:00,7.74,7.74,0,none
2024-02-18 22:09:00,6.644,6.644,0,none
2024-02-20 04:09:00,6.705,6.705,0,none
2024-02-21 06:24:00,6.169,6.169,0,none
2024-02-21 21:12:00,6.439,6.439,0,none
2024-02-22 05:15:00,6.114,6.114,0,none
2024-02-22 15:37:00,8.283,8.283,0,none
2024-02-22 16:57:00,7.318,7.318,0,none
2024-02-22 23:02:00,7.398,7.398,0,none
2024-02-23 00:12:00,7.715,7.715,0,none
2024-02-23 00:43:00,8.153,8.153,0,none
2024-02-23 09:44:00,5.923,5.923,0,none
2024-02-23 18:59:00,5.669,5.669,0,none
2024-02-23 20:44:00,5.79,5.79,0,none
2024-02-23 21:12:00,6.933,6.933,0,none
2024-02-23 22:57:00,6.805,6.805,0,none
2024-02-25 00:53:00,8.344,8.344,0,none
2024-02-25 09:08:00,6.167,6.167,0,none
2024-02-25 13:40:00,8.224,8.224,0,none
2024-02-25 22:19:00,7.018,7.018,0,none
2024-02-26 03:35:00,7.421,7.421,0,none
2024-02-26 18:46:00,4.733,4.733,0,none
2024-02-26 19:17:00,5.352,5.352,0,none
2024-02-27 10:27:00,7.163,7.163,0,none
2024-02-27 16:43:00,7.341,7.341,0,none
2024-02-27 17:26:00,6.533,6.533,0,none
2024-02-27 20:42:00,6.291,6.291,0,none
2024-02-28 01:58:00,7.864,7.864,0,none
2024-02-28 02:26:00,7.723,7.723,0,none
2024-02-29 05:37:00,6.491,6.491,0,none
2024-02-29 08:03:00,5.246,5.246,0,none
2024-02-29 12:08:00,8.374,8.374,0,none
2024-02-29 15:11:00,7.803,7.803,0,none
2024-02-29 17:35:00,5.879,5.879,0,none
2024-02-29 21:17:00,6.657,6.657,0,none
2024-03-01 12:44:00,7.978,7.978,0,none
2024-03-01 14:10:00,7.712,7.712,0,none
2024-03-01 17:03:00,6.388,6.388,0,none
2024-03-02 17:40:00,6.635,6.635,0,none
2024-03-02 19:32:00,4.688,4.688,0,none
2024-03-02 21:15:00,6.587,6.587,0,none
2024-03-03 07:40:00,5.094,5.094,0,none
2024-03-03 17:55:00,5.837,5.837,0,none
2024-03-03 18:17:00,5.279,5.279,0,none
2024-03-03 19:58:00,5.238,5.238,0,none
2024-03-04 07:37:00,5.422,5.422,0,none
2024-03-05 02:57:00,8.29,8.29,0,none
2024-03-06 06:56:00,6.126,6.126,0,none
2024-03-06 18:33:00,5.224,5.224,0,none
2024-03-06 21:43:00,6.348,6.348,0,none
2024-03-07 21:38:00,6.697,6.697,0,none
2024-03-08 03:31:00,6.989,6.989,0,none
2024-03-08 12:43:00,8.052,8.052,0,none
2024-03-08 16:19:00,7.134,7.134,0,none
2024-03-09 10:53:00,7.011,7.011,0,none
2024-03-09 19:55:00,5.281,5.281,0,none
2024-03-10 21:26:00,6.33,6.33,0,none
2024-03-11 06:30:00,5.387,5.387,0,none
2024-03-11 06:39:00,6.029,6.029,0,none
2024-03-11 15:31:00,7.913,7.913,0,none
2024-03-12 10:24:00,7.448,7.448,0,none
2024-03-12 13:45:00,8.295,8.295,0,none
2024-03-13 01:23:00,7.742,7.742,0,none
2024-03-13 05:46:00,6.674,6.674,0,none
2024-03-13 08:23:00,5.162,5.162,0,none
2024-03-13 10:12:00,7.204,7.204,0,none
2024-03-14 02:54:00,8.114,8.114,0,none
2024-03-14 04:38:00,6.983,6.983,0,none
2024-03-14 22:03:00,6.817,6.817,0,none
2024-03-16 00:23:00,7.949,7.949,0,none
2024-03-16 00:53:00,7.9,7.9,0,none
2024-03-16 08:44:00,5.116,5.116,0,none
2024-03-16 13:49:00,8.137,8.137,0,none
2024-03-16 20:06:00,6.528,6.528,0,none
2024-03-16 21:52:00,7.042,7.042,0,none
2024-03-16 23:06:00,7.462,7.462,0,none
2024-03-17 01:56:00,8.081,8.081,0,none
2024-03-17 13:40:00,8.424,8.424,0,none
2024-03-17 17:43:00,6.012,6.012,0,none
2024-03-18 12:21:00,8.102,8.102,0,none
2024-03-18 18:10:00,5.372,5.372,0,none
2024-03-19 01:17:00,8.12,8.12,0,none
2024-03-19 02:42:00,8.07,8.07,0,none
2024-03-19 06:48:00,6.038,6.038,0,none
2024-03-19 07:27:00,5.179,5.179,0,none
2024-03-19 08:29:00,5.5,5.5,0,none
2024-03-19 14:59:00,8.097,8.097,0,none
2024-03-19 23:27:00,6.935,6.935,0,none
2024-03-20 05:08:00,6.895,6.895,0,none
2024-03-20 13:29:00,7.65,7.65,0,none
2024-03-20 15:25:00,8.037,8.037,0,none
2024-03-20 21:29:00,6.488,6.488,0,none
2024-03-21 09:12:00,5.976,5.976,0,none
2024-03-22 04:16:00,6.893,6.893,0,none
2024-03-22 04:26:00,6.53,6.53,0,none
2024-03-22 09:11:00,6.088,6.088,0,none
2024-03-22 14:34:00,8.012,8.012,0,none
2024-03-22 20:33:00,5.909,5.909,0,none
2024-03-22 21:28:00,6.339,6.339,0,none
2024-03-23 00:59:00,8.245,8.245,0,none
2024-03-23 08:31:00,5.408,5.408,0,none
2024-03-24 04:15:00,6.736,6.736,0,none
2024-03-24 07:46:00,5.775,5.775,0,none
2024-03-24 17:44:00,6.083,6.083,0,none
2024-03-25 04:13:00,6.762,6.762,0,none
2024-03-25 09:54:00,6.035,6.035,0,none
2024-03-25 22:00:00,6.857,6.857,0,none
2024-03-26 03:14:00,7.323,7.323,0,none
2024-03-26 05:38:00,6.378,6.378,0,none
2024-03-26 16:42:00,7.127,7.127,0,none
2024-03-26 20:26:00,6.345,6.345,0,none
2024-03-27 06:25:00,6.203,6.203,0,none
2024-03-27 07:20:00,6.008,6.008,0,none
2024-03-27 22:09:00,6.8,6.8,0,none
2024-03-28 08:04:00,5.417,5.417,0,none
2024-03-28 09:08:00,5.519,5.519,0,none
2024-03-28 12:02:00,7.857,7.857,0,none
2024-03-29 02:34:00,7.741,7.741,0,none
2024-03-29 05:21:00,6.291,6.291,0,none
2024-03-29 06:43:00,5.984,5.984,0,none
2024-03-29 07:14:00,5.637,5.637,0,none
2024-03-30 00:21:00,7.643,7.643,0,none
2024-03-30 17:22:00,6.067,6.067,0,none
2024-03-30 18:48:00,4.998,4.998,0,none
2024-03-31 05:38:00,6.985,6.985,0,none
2024-03-31 07:08:00,5.111,5.111,0,none
2024-03-31 08:18:00,4.993,4.993,0,none
2024-03-31 10:14:00,7.017,7.017,0,none
2024-03-31 19:13:00,5.451,5.451,0,none
2024-03-31 22:19:00,6.909,6.909,0,none
2024-04-01 00:05:00,7.797,7.797,0,none
2024-04-01 20:37:00,6.219,6.219,0,none
2024-04-02 00:41:00,8.079,8.079,0,none
2024-04-02 07:11:00,5.204,5.204,0,none
2024-04-02 09:08:00,5.707,5.707,0,none
2024-04-02 09:25:00,6.143,6.143,0,none
2024-04-02 17:02:00,5.757,5.757,0,none
2024-04-03 00:45:00,8.023,8.023,0,none
2024-04-03 06:26:00,6.076,6.076,0,none
2024-04-03 13:42:00,8.102,8.102,0,none
2024-04-03 18:09:00,5.422,5.422,0,none
2024-04-03 22:48:00,6.846,6.846,0,none
2024-04-04 03:25:00,7.444,7.444,0,none
2024-04-05 07:49:00,5.412,5.412,0,none
2024-04-05 08:20:00,5.19,5.19,0,none
2024-04-06 08:12:00,5.071,5.071,0,none
2024-04-06 08:58:00,5.613,5.613,0,none
2024-04-06 19:46:00,5.18,5.18,0,none
2024-04-06 23:56:00,7.044,7.044,0,none
2024-04-07 01:15:00,7.964,7.964,0,none
2024-04-07 11:53:00,7.88,7.88,0,none
2024-04-07 11:58:00,7.694,7.694,0,none
2024-04-07 13:22:00,8.01,8.01,0,none
2024-04-07 13:52:00,7.794,7.794,0,none
2024-04-07 14:40:00,8.015,8.015,0,none
2024-04-07 18:55:00,5.202,5.202,0,none
2024-04-08 01:57:00,7.838,7.838,0,none
2024-04-08 08:50:00,5.447,5.447,0,none
2024-04-08 10:50:00,7.528,7.528,0,none
2024-04-08 13:39:00,7.831,7.831,0,none
2024-04-08 14:01:00,7.4,7.4,0,none
2024-04-08 16:29:00,6.843,6.843,0,none
2024-04-08 22:47:00,6.642,6.642,0,none
2024-04-08 23:33:00,7.59,7.59,0,none
2024-04-09 17:23:00,5.997,5.997,0,none
2024-04-09 21:46:00,6.603,6.603,0,none
2024-04-10 01:38:00,8.101,8.101,0,none
2024-04-10 07:41:00,5.33,5.33,0,none
2024-04-10 09:12:00,5.967,5.967,0,none
2024-04-10 15:17:00,8.616,8.616,0,none
2024-04-10 19:13:00,5.358,5.358,0,none
2024-04-11 03:36:00,7.498,7.498,0,none
2024-04-11 15:13:00,8.44,8.44,0,none
2024-04-12 00:46:00,7.994,7.994,0,none
2024-04-12 06:21:00,6.268,6.268,0,none
2024-04-12 19:58:00,5.01,5.294166651626012,1,drift
2024-04-12 20:08:00,6.549,7.447010274902021,1,drift
2024-04-12 20:35:00,6.434,7.577298673087389,1,drift
2024-04-13 11:27:00,8.407,9.61793660177801,1,drift
2024-04-13 14:55:00,7.992,7.992,0,none
2024-04-14 02:30:00,7.868,7.868,0,none
2024-04-14 05:18:00,6.141,6.141,0,none
2024-04-14 06:28:00,6.165,6.165,0,none
2024-04-14 15:56:00,7.802,7.802,0,none
2024-04-14 19:03:00,4.906,4.906,0,none
2024-04-15 05:38:00,6.173,6.173,0,none
2024-04-16 21:29:00,6.527,6.527,0,none
2024-04-17 09:11:00,6.172,6.172,0,none
2024-04-18 00:18:00,7.877,7.877,0,none
2024-04-18 02:50:00,7.999,7.999,0,none
2024-04-18 04:29:00,6.698,6.698,0,none
2024-04-18 10:48:00,7.567,7.567,0,none
2024-04-19 02:16:00,7.654,7.654,0,none
2024-04-19 11:25:00,7.773,7.773,0,none
2024-04-19 16:32:00,7.047,7.047,0,none
2024-04-20 01:14:00,7.777,7.777,0,none
2024-04-20 14:57:00,8.15,1.1673747624479365,1,drop
2024-04-20 15:21:00,8.28,8.28,0,none
2024-04-20 23:41:00,6.634,6.634,0,none
2024-04-21 02:32:00,8.02,8.02,0,none
2024-04-21 08:07:00,5.214,5.214,0,none
2024-04-21 09:44:00,5.83,5.83,0,none
2024-04-21 10:50:00,7.338,7.338,0,none
2024-04-21 11:43:00,8.082,8.082,0,none
2024-04-22 12:55:00,7.651,7.651,0,none
2024-04-22 18:31:00,5.043,5.043,0,none
2024-04-22 21:27:00,6.792,9.34969285650601,1,spike
2024-04-23 02:25:00,8.454,8.454,0,none
2024-04-23 08:06:00,5.046,5.046,0,none
2024-04-23 16:09:00,7.315,7.315,0,none
2024-04-24 12:31:00,7.945,7.945,0,none
2024-04-25 02:53:00,8.108,8.108,0,none
2024-04-25 03:48:00,7.494,7.494,0,none
2024-04-25 06:35:00,6.335,6.335,0,none
2024-04-25 13:12:00,8.099,8.099,0,none
2024-04-25 15:42:00,7.783,7.783,0,none
2024-04-25 20:09:00,5.875,5.875,0,none
2024-04-26 01:20:00,8.014,8.014,0,none
2024-04-26 07:25:00,5.287,5.287,0,none
2024-04-26 16:31:00,7.088,7.088,0,none
2024-04-26 22:43:00,6.595,6.595,0,none
2024-04-27 02:55:00,7.861,7.861,0,none
2024-04-27 10:29:00,7.837,7.837,0,none
2024-04-27 20:34:00,6.033,6.033,0,none
2024-04-28 02:04:00,7.867,7.867,0,none
2024-04-28 09:31:00,5.949,5.949,0,none
2024-04-28 13:45:00,8.045,8.045,0,none
2024-04-28 17:23:00,6.234,6.234,0,none
2024-04-28 19:03:00,5.413,5.413,0,none
2024-04-29 00:42:00,8.283,8.283,0,none
2024-04-29 04:11:00,7.117,7.117,0,none
2024-04-29 08:38:00,5.011,5.011,0,none
2024-04-29 12:25:00,7.875,7.875,0,none
2024-04-29 20:19:00,5.826,5.826,0,none
2024-04-30 02:08:00,8.077,8.077,0,none
2024-04-30 07:22:00,5.087,5.087,0,none
2024-04-30 12:00:00,7.945,7.945,0,none
2024-04-30 12:59:00,7.918,7.918,0,none
2024-05-01 03:44:00,7.076,7.076,0,none
2024-05-01 08:35:00,4.984,4.984,0,none
2024-05-01 17:49:00,5.766,5.766,0,none
2024-05-01 21:29:00,6.566,6.566,0,none
2024-05-02 10:30:00,7.454,7.454,0,none
2024-05-02 15:50:00,8.101,8.101,0,none
2024-05-03 05:45:00,6.428,6.428,0,none
2024-05-03 16:03:00,7.334,7.334,0,none
2024-05-03 19:01:00,5.639,5.639,0,none
2024-05-04 02:08:00,8.256,8.256,0,none
2024-05-04 21:35:00,6.68,6.68,0,none
2024-05-05 03:54:00,7.175,7.175,0,none
2024-05-05 18:41:00,4.697,4.697,0,none
2024-05-06 05:18:00,6.278,6.278,0,none
2024-05-06 10:01:00,7.561,7.561,0,none
2024-05-06 22:34:00,6.764,6.764,0,none
2024-05-07 04:58:00,6.715,6.715,0,none
2024-05-07 10:52:00,7.237,7.237,0,none
2024-05-07 15:50:00,7.815,7.815,0,none
2024-05-08 03:32:00,7.245,7.245,0,none
2024-05-08 10:15:00,7.216,7.216,0,none
2024-05-09 19:31:00,4.952,4.952,0,none
2024-05-09 22:21:00,6.798,6.798,0,none
2024-05-10 12:00:00,7.841,7.841,0,none
2024-05-11 03:01:00,7.512,7.512,0,none
2024-05-11 11:08:00,7.723,7.723,0,none
2024-05-11 11:51:00,8.22,8.22,0,none
2024-05-11 12:10:00,8.238,8.238,0,none
2024-05-12 08:06:00,5.199,5.199,0,none
2024-05-12 14:26:00,7.774,7.774,0,none
2024-05-12 22:33:00,6.974,6.974,0,none
2024-05-13 06:32:00,6.243,6.243,0,none
2024-05-13 08:20:00,5.328,5.328,0,none
2024-05-13 08:25:00,4.992,4.992,0,none
2024-05-13 15:49:00,7.972,7.972,0,none
2024-05-14 15:52:00,7.779,7.779,0,none
2024-05-14 19:38:00,5.589,5.589,0,none
2024-05-14 20:06:00,6.118,6.118,0,none
2024-05-14 20:48:00,6.042,6.042,0,none
2024-05-15 04:49:00,7.193,7.193,0,none
2024-05-15 17:06:00,5.534,5.534,0,none
2024-05-15 20:15:00,6.106,6.106,0,none
2024-05-16 01:12:00,8.381,8.381,0,none
2024-05-16 06:25:00,5.857,5.857,0,none
2024-05-16 12:50:00,8.026,8.026,0,none
2024-05-16 20:05:00,6.375,6.375,0,none
2024-05-17 04:52:00,6.549,6.549,0,none
2024-05-17 15:51:00,8.058,8.058,0,none
2024-05-17 20:32:00,5.861,5.861,0,none
2024-05-18 11:02:00,8.172,8.172,0,none
2024-05-18 18:07:00,5.416,5.416,0,none
2024-05-20 04:51:00,6.884,6.884,0,none
2024-05-20 13:07:00,7.929,7.929,0,none
2024-05-20 17:32:00,5.992,5.992,0,none
2024-05-21 01:32:00,8.267,8.267,0,none
2024-05-21 06:34:00,6.127,6.127,0,none
2024-05-21 08:02:00,5.232,5.232,0,none
2024-05-21 15:05:00,8.204,8.204,0,none
2024-05-21 22:53:00,6.719,6.719,0,none
2024-05-22 04:43:00,6.46,6.46,0,none
2024-05-22 09:38:00,5.839,5.839,0,none
2024-05-22 15:00:00,8.035,8.035,0,none
2024-05-23 05:05:00,6.468,6.468,0,none
2024-05-23 08:30:00,4.927,4.927,0,none
2024-05-23 11:01:00,8.266,8.266,0,none
2024-05-23 19:37:00,5.174,5.174,0,none
2024-05-24 01:55:00,8.011,8.011,0,none
2024-05-25 03:10:00,6.744,6.744,0,none
2024-05-25 05:38:00,6.655,6.655,0,none
2024-05-25 23:32:00,7.198,7.198,0,none
2024-05-26 05:13:00,6.634,6.634,0,none
2024-05-26 06:47:00,5.682,5.682,0,none
2024-05-26 08:02:00,4.904,4.904,0,none
2024-05-26 16:37:00,7.443,7.443,0,none
2024-05-26 18:14:00,5.285,8.88244366260587,1,spike
2024-05-26 23:35:00,7.304,7.304,0,none
2024-05-27 04:37:00,6.699,6.699,0,none
2024-05-27 04:52:00,6.329,6.329,0,none
2024-05-27 17:20:00,5.897,5.897,0,none
2024-05-27 17:39:00,5.982,5.982,0,none
2024-05-28 05:50:00,6.305,6.305,0,none
2024-05-28 18:24:00,5.233,5.233,0,none
2024-05-28 21:02:00,6.549,6.549,0,none
2024-05-29 04:31:00,6.844,6.844,0,none
2024-05-29 05:21:00,7.157,7.157,0,none
2024-05-29 12:06:00,8.085,8.085,0,none
2024-05-29 16:43:00,7.338,7.338,0,none
2024-05-30 02:38:00,7.884,7.884,0,none
2024-05-30 14:20:00,7.912,7.912,0,none
2024-05-31 01:08:00,8.289,8.289,0,none
2024-05-31 11:26:00,8.024,8.024,0,none
2024-05-31 12:19:00,7.985,7.985,0,none
2024-05-31 13:04:00,8.178,8.178,0,none
2024-05-31 15:12:00,7.762,7.762,0,none
2024-05-31 17:52:00,6.16,6.16,0,none
2024-05-31 23:14:00,7.406,7.406,0,none
2024-06-01 08:15:00,5.261,5.261,0,none
2024-06-02 19:11:00,5.26,5.26,0,none
2024-06-03 04:49:00,6.997,6.997,0,none
2024-06-03 14:09:00,8.056,8.056,0,none
2024-06-03 20:41:00,5.87,5.87,0,none
2024-06-04 10:35:00,7.875,7.875,0,none
2024-06-04 12:33:00,8.231,8.231,0,none
2024-06-05 06:20:00,6.017,6.017,0,none
2024-06-05 06:49:00,5.542,5.542,0,none
2024-06-05 07:35:00,5.226,5.226,0,none
2024-06-05 10:31:00,7.096,1.2942503523729794,1,drop
2024-06-05 12:59:00,7.673,7.673,0,none
2024-06-05 15:27:00,8.008,8.008,0,none
2024-06-05 21:40:00,6.343,6.343,0,none
2024-06-06 01:19:00,7.894,7.894,0,none
2024-06-06 07:06:00,5.545,5.545,0,none
2024-06-06 22:54:00,6.567,6.567,0,none
2024-06-07 01:58:00,8.187,8.187,0,none
2024-06-07 05:37:00,6.444,6.444,0,none
2024-06-07 11:09:00,7.996,7.996,0,none
2024-06-08 03:47:00,7.383,7.383,0,none
2024-06-08 06:52:00,6.281,6.281,0,none
2024-06-09 14:37:00,8.115,8.115,0,none
2024-06-09 16:02:00,7.6,7.6,0,none
2024-06-09 19:36:00,5.511,5.511,0,none
2024-06-10 13:41:00,8.098,8.098,0,none
2024-06-10 13:45:00,8.05,8.05,0,none
2024-06-10 14:20:00,8.411,8.411,0,none
2024-06-11 05:26:00,6.316,6.316,0,none
2024-06-11 12:00:00,7.909,7.909,0,none
2024-06-11 16:34:00,7.152,7.152,0,none
2024-06-11 18:54:00,5.28,1.7437482512250755,1,drop
2024-06-12 19:57:00,5.678,5.678,0,none
2024-06-13 07:57:00,5.904,5.904,0,none
2024-06-13 20:49:00,6.032,6.032,0,none
2024-06-14 08:22:00,5.307,5.307,0,none
2024-06-14 12:28:00,8.553,8.553,0,none
2024-06-14 15:23:00,7.975,7.975,0,none
2024-06-15 02:24:00,7.847,7.847,0,none
2024-06-15 03:47:00,7.298,7.298,0,none
2024-06-15 08:46:00,4.97,4.97,0,none
2024-06-15 11:35:00,8.368,8.368,0,none
2024-06-15 12:01:00,7.795,7.795,0,none
2024-06-15 17:41:00,6.078,6.078,0,none
2024-06-15 21:46:00,6.487,6.487,0,none
2024-06-15 23:34:00,7.366,7.366,0,none
2024-06-16 02:52:00,7.752,7.752,0,none
2024-06-17 07:10:00,4.989,4.989,0,none
2024-06-17 12:22:00,8.15,8.15,0,none
2024-06-17 13:53:00,8.515,8.515,0,none
2024-06-17 20:03:00,5.928,5.928,0,none
2024-06-18 09:30:00,5.981,5.981,0,none
2024-06-18 19:35:00,5.377,5.377,0,none
2024-06-18 20:42:00,5.832,5.832,0,none
2024-06-19 08:16:00,5.313,5.313,0,none
2024-06-19 10:16:00,7.701,7.701,0,none
2024-06-19 11:40:00,8.295,8.295,0,none
2024-06-19 13:01:00,8.045,8.045,0,none
2024-06-19 15:53:00,7.719,7.719,0,none
2024-06-20 03:30:00,7.385,7.385,0,none
2024-06-20 15:17:00,8.093,8.093,0,none
2024-06-20 20:22:00,5.845,5.845,0,none
2024-06-21 00:22:00,7.971,7.971,0,none
2024-06-21 04:05:00,6.505,6.505,0,none
2024-06-21 09:38:00,6.141,6.141,0,none
2024-06-21 14:33:00,7.813,7.813,0,none
2024-06-21 17:02:00,6.009,6.009,0,none
2024-06-21 19:18:00,5.765,5.765,0,none
2024-06-21 21:36:00,6.545,6.545,0,none
2024-06-21 22:20:00,6.935,6.935,0,none
2024-06-22 12:00:00,8.185,8.185,0,none
2024-06-22 15:13:00,7.644,7.644,0,none
2024-06-22 18:19:00,5.193,5.193,0,none
2024-06-22 21:47:00,6.562,8.60714836723,1,spike
2024-06-23 06:57:00,6.035,6.035,0,none
2024-06-23 19:27:00,4.913,4.913,0,none
2024-06-23 23:26:00,7.54,7.54,0,none
2024-06-24 02:00:00,8.349,8.349,0,none
2024-06-24 12:22:00,8.043,8.043,0,none
2024-06-25 19:53:00,4.886,4.886,0,none
2024-06-26 16:43:00,8.025,8.025,0,none
2024-06-27 01:39:00,8.709,8.709,0,none
2024-06-27 12:42:00,8.416,8.416,0,none
2024-06-27 13:08:00,8.052,8.052,0,none
2024-06-27 17:09:00,5.927,5.927,0,none
2024-06-27 19:05:00,5.177,5.177,0,none
2024-06-27 19:23:00,5.381,5.381,0,none
2024-06-27 23:23:00,7.507,7.507,0,none
2024-06-29 00:15:00,7.878,7.878,0,none
2024-06-29 03:13:00,7.206,7.206,0,none
2024-06-29 20:15:00,5.481,5.481,0,none
2024-06-29 22:17:00,6.12,6.12,0,none
2024-06-30 07:21:00,5.59,5.59,0,none
2024-06-30 11:55:00,7.552,7.552,0,none
2024-06-30 19:37:00,4.95,4.95,0,none
2024-06-30 21:12:00,6.671,6.671,0,none
2024-06-30 22:39:00,7.005,7.005,0,none
2024-06-30 23:20:00,6.759,6.759,0,none
2024-06-30 23:30:00,6.954,6.954,0,none
2024-07-01 23:55:00,7.126,7.126,0,none
2024-07-02 10:12:00,7.038,7.038,0,none
2024-07-02 23:04:00,6.871,6.871,0,none
2024-07-03 02:33:00,8.083,8.083,0,none
2024-07-03 08:31:00,5.312,5.312,0,none
2024-07-03 08:45:00,5.562,5.562,0,none
2024-07-03 18:52:00,4.964,4.964,0,none
2024-07-04 09:00:00,6.11,6.11,0,none
2024-07-04 11:01:00,7.808,7.808,0,none
2024-07-05 02:18:00,7.906,7.906,0,none
2024-07-05 06:22:00,5.526,5.526,0,none
2024-07-05 12:09:00,7.949,7.949,0,none
2024-07-05 12:47:00,7.888,7.888,0,none
2024-07-06 02:22:00,8.259,8.259,0,none
2024-07-06 10:41:00,6.909,6.909,0,none
2024-07-06 22:42:00,6.941,6.941,0,none
2024-07-07 05:40:00,6.023,6.023,0,none
2024-07-07 08:27:00,4.781,4.781,0,none
2024-07-07 11:04:00,7.481,7.481,0,none
2024-07-07 20:23:00,5.875,5.875,0,none
2024-07-08 01:39:00,8.173,8.173,0,none
2024-07-08 03:17:00,7.44,7.44,0,none
2024-07-08 05:51:00,6.507,6.507,0,none
2024-07-08 11:55:00,7.979,7.979,0,none
2024-07-09 01:23:00,8.254,8.254,0,none
2024-07-09 04:29:00,6.523,6.523,0,none
2024-07-09 13:13:00,7.771,7.771,0,none
2024-07-09 13:41:00,8.231,8.231,0,none
2024-07-09 16:36:00,6.81,6.81,0,none
2024-07-09 23:23:00,6.966,6.966,0,none
2024-07-10 00:44:00,8.049,8.049,0,none
2024-07-10 11:59:00,7.993,7.993,0,none
2024-07-10 19:46:00,5.24,5.24,0,none
2024-07-11 21:13:00,6.533,6.533,0,none
2024-07-12 14:18:00,7.982,7.982,0,none
2024-07-12 19:28:00,5.532,8.890033716180636,1,spike
2024-07-13 02:19:00,7.883,7.883,0,none
2024-07-13 17:37:00,6.377,6.377,0,none
2024-07-13 22:47:00,6.536,6.536,0,none
2024-07-14 16:07:00,7.309,7.309,0,none
2024-07-14 18:06:00,4.941,4.941,0,none
2024-07-15 08:16:00,5.107,5.107,0,none
2024-07-15 08:29:00,5.01,5.01,0,none
2024-07-15 14:00:00,8.145,8.145,0,none
2024-07-15 15:00:00,8.183,8.183,0,none
2024-07-15 19:44:00,5.055,5.055,0,none
2024-07-16 08:00:00,5.097,5.097,0,none
2024-07-16 22:15:00,7.088,7.088,0,none
2024-07-18 22:51:00,6.429,6.429,0,none
2024-07-18 23:24:00,7.243,0.968178652420281,1,drop
2024-07-19 13:05:00,8.144,8.144,0,none
2024-07-19 17:50:00,5.969,5.969,0,none
2024-07-20 05:59:00,6.508,6.508,0,none
2024-07-20 12:04:00,8.207,8.207,0,none
2024-07-20 16:22:00,7.397,7.397,0,none
2024-07-21 01:53:00,8.401,8.401,0,none
2024-07-21 04:29:00,6.943,6.943,0,none
2024-07-21 09:52:00,6.178,8.802192635803587,1,spike
2024-07-21 15:19:00,8.09,8.09,0,none
2024-07-21 15:26:00,7.984,7.984,0,none
2024-07-21 16:02:00,7.576,7.576,0,none
2024-07-22 03:34:00,7.539,7.539,0,none
2024-07-22 04:56:00,7.112,7.112,0,none
2024-07-22 09:37:00,6.041,6.041,0,none
2024-07-22 10:31:00,6.99,6.99,0,none
2024-07-22 11:54:00,8.042,8.042,0,none
2024-07-22 16:31:00,7.61,7.61,0,none
2024-07-22 18:21:00,4.974,4.974,0,none
2024-07-22 22:00:00,7.037,7.037,0,none
2024-07-23 04:34:00,7.032,7.032,0,none
2024-07-23 09:58:00,5.95,5.95,0,none
2024-07-23 13:16:00,7.909,7.909,0,none
2024-07-23 20:59:00,5.892,5.892,0,none
2024-07-24 04:30:00,6.96,6.96,0,none
2024-07-24 12:33:00,8.438,8.438,0,none
2024-07-24 15:45:00,8.014,8.014,0,none
2024-07-24 20:41:00,6.238,6.238,0,none
2024-07-24 23:43:00,7.883,7.883,0,none
2024-07-25 06:35:00,5.868,5.868,0,none
2024-07-25 09:42:00,6.271,6.271,0,none
2024-07-25 11:28:00,8.056,8.056,0,none
2024-07-25 12:12:00,7.989,7.989,0,none
2024-07-26 00:18:00,7.985,7.985,0,none
2024-07-26 11:34:00,8.017,8.017,0,none
2024-07-26 13:58:00,7.941,7.941,0,none
2024-07-26 18:16:00,5.304,5.304,0,none
2024-07-26 21:07:00,6.535,6.535,0,none
2024-07-27 17:09:00,6.43,6.43,0,none
2024-07-27 20:40:00,6.14,6.14,0,none
2024-07-27 22:12:00,6.535,6.535,0,none
2024-07-28 07:14:00,5.167,5.167,0,none
2024-07-28 09:42:00,5.98,5.98,0,none
2024-07-28 14:49:00,8.267,8.267,0,none
2024-07-28 18:40:00,5.079,8.770850265372866,1,spike
2024-07-29 02:44:00,8.132,8.132,0,none
2024-07-29 03:31:00,7.5,7.5,0,none
2024-07-29 11:31:00,8.072,8.072,0,none
2024-07-29 14:38:00,7.641,7.050200149412204,1,drift
2024-07-30 11:20:00,7.616,6.735994534097031,1,drift
2024-07-30 16:05:00,7.189,5.135606648211686,1,drift
2024-07-30 17:18:00,6.248,6.248,0,none
2024-07-30 19:57:00,5.611,5.611,0,none
2024-07-31 04:12:00,6.934,6.934,0,none
2024-07-31 06:48:00,6.295,6.295,0,none
2024-07-31 10:40:00,7.294,7.294,0,none
2024-07-31 11:11:00,7.52,7.52,0,none
2024-07-31 14:15:00,7.795,7.795,0,none
2024-07-31 20:26:00,5.825,5.825,0,none
2024-07-31 21:37:00,6.604,6.604,0,none
2024-08-01 09:33:00,6.64,6.64,0,none
2024-08-01 09:47:00,6.029,6.029,0,none
2024-08-01 17:37:00,6.009,6.009,0,none
2024-08-02 08:12:00,5.318,5.318,0,none
2024-08-02 11:33:00,7.68,7.68,0,none
2024-08-02 18:33:00,5.361,5.361,0,none
2024-08-02 19:43:00,5.034,5.034,0,none
2024-08-03 02:49:00,7.849,7.849,0,none
2024-08-03 06:04:00,6.433,6.433,0,none
2024-08-03 15:14:00,8.009,8.009,0,none
2024-08-03 18:21:00,5.011,5.011,0,none
2024-08-04 02:08:00,8.113,8.113,0,none
2024-08-04 04:13:00,6.949,6.949,0,none
2024-08-04 22:03:00,6.732,6.732,0,none
2024-08-04 22:13:00,6.806,6.806,0,none
2024-08-05 13:42:00,8.125,8.125,0,none
2024-08-06 02:19:00,8.041,8.041,0,none
2024-08-06 14:06:00,7.806,7.806,0,none
2024-08-06 23:48:00,7.122,7.122,0,none
2024-08-07 01:06:00,7.911,7.911,0,none
2024-08-07 03:33:00,7.327,7.327,0,none
2024-08-07 05:35:00,6.641,6.641,0,none
2024-08-07 13:40:00,8.289,8.289,0,none
2024-08-07 16:36:00,7.566,7.566,0,none
2024-08-07 23:36:00,7.343,7.343,0,none
2024-08-07 23:58:00,6.948,6.948,0,none
2024-08-08 01:58:00,7.815,7.815,0,none
2024-08-08 04:17:00,7.301,7.301,0,none
2024-08-08 06:14:00,5.884,5.884,0,none
2024-08-08 15:29:00,7.932,7.932,0,none
2024-08-08 18:45:00,5.455,5.455,0,none
2024-08-09 01:28:00,8.318,8.318,0,none
2024-08-09 06:33:00,5.942,5.942,0,none
2024-08-09 10:33:00,7.194,7.194,0,none
2024-08-09 15:06:00,8.329,8.329,0,none
2024-08-10 01:47:00,8.361,8.361,0,none
2024-08-10 12:58:00,8.033,8.033,0,none
2024-08-10 13:02:00,8.366,8.366,0,none
2024-08-11 01:47:00,7.882,7.882,0,none
2024-08-11 11:16:00,8.251,8.251,0,none
2024-08-11 15:07:00,8.342,8.342,0,none
2024-08-11 17:25:00,5.829,5.829,0,none
2024-08-12 02:42:00,7.898,7.898,0,none
2024-08-12 03:14:00,7.192,7.192,0,none
2024-08-12 07:11:00,5.102,5.102,0,none
2024-08-12 09:30:00,5.774,5.774,0,none
2024-08-13 01:07:00,7.888,7.888,0,none
2024-08-13 09:40:00,5.967,5.967,0,none
2024-08-13 13:53:00,8.145,8.145,0,none
2024-08-13 23:22:00,7.174,7.174,0,none
2024-08-14 03:28:00,6.872,6.872,0,none
2024-08-14 05:09:00,6.77,6.77,0,none
2024-08-14 07:06:00,5.363,5.363,0,none
2024-08-14 10:42:00,7.298,7.298,0,none
2024-08-14 13:46:00,7.494,7.494,0,none
2024-08-15 00:55:00,7.853,7.853,0,none
2024-08-15 02:49:00,7.764,7.764,0,none
2024-08-15 03:47:00,7.29,7.29,0,none
2024-08-15 04:16:00,6.752,6.752,0,none
2024-08-15 18:35:00,5.267,5.267,0,none
2024-08-16 05:17:00,6.603,6.603,0,none
2024-08-16 11:07:00,8.051,8.051,0,none
2024-08-17 17:54:00,6.111,6.111,0,none
2024-08-17 18:47:00,4.951,4.951,0,none
2024-08-18 00:36:00,8.185,8.185,0,none
2024-08-18 02:15:00,7.755,7.755,0,none
2024-08-18 19:34:00,5.65,5.65,0,none
2024-08-19 21:16:00,6.513,6.513,0,none
2024-08-19 21:44:00,6.093,6.093,0,none
2024-08-20 01:16:00,7.529,7.529,0,none
2024-08-20 14:36:00,8.44,8.44,0,none
2024-08-21 00:53:00,8.304,8.304,0,none
2024-08-21 07:48:00,5.53,5.53,0,none
2024-08-21 09:02:00,6.005,6.005,0,none
2024-08-21 14:56:00,7.887,7.887,0,none
2024-08-22 15:29:00,8.305,8.305,0,none
2024-08-22 15:34:00,8.081,8.081,0,none
2024-08-23 14:45:00,8.075,8.075,0,none
2024-08-25 00:44:00,7.661,7.661,0,none
2024-08-25 02:52:00,8.115,8.115,0,none
2024-08-25 11:48:00,8.19,8.19,0,none
2024-08-25 14:38:00,8.491,8.491,0,none
2024-08-25 15:33:00,7.826,7.826,0,none
2024-08-26 14:46:00,7.979,7.979,0,none
2024-08-27 03:22:00,7.781,7.781,0,none
2024-08-27 05:20:00,6.482,1.5539482965074098,1,drop
2024-08-27 05:42:00,6.414,6.414,0,none
2024-08-27 09:35:00,6.358,6.358,0,none
2024-08-27 11:20:00,7.679,7.679,0,none
2024-08-27 17:29:00,5.99,5.99,0,none
2024-08-27 18:32:00,5.199,5.199,0,none
2024-08-28 03:00:00,7.323,7.323,0,none
2024-08-28 06:48:00,5.945,5.945,0,none
2024-08-28 07:12:00,5.365,5.365,0,none
2024-08-28 18:16:00,5.474,5.474,0,none
2024-08-28 19:05:00,5.258,5.258,0,none
2024-08-29 05:13:00,6.779,6.779,0,none
2024-08-29 10:53:00,7.07,7.07,0,none
2024-08-29 12:55:00,8.012,8.012,0,none
2024-08-30 00:13:00,8.049,8.049,0,none
2024-08-30 05:09:00,6.701,6.701,0,none
2024-08-30 07:22:00,5.105,5.105,0,none
2024-08-30 18:46:00,5.241,5.241,0,none
2024-08-31 00:14:00,7.715,7.715,0,none
2024-08-31 14:03:00,8.201,8.201,0,none
2024-08-31 19:30:00,5.471,1.3042370285519167,1,drop
2024-08-31 21:16:00,6.378,6.378,0,none
2024-08-31 23:49:00,7.278,7.278,0,none
2024-09-01 02:04:00,8.092,8.092,0,none
2024-09-01 04:58:00,6.896,6.896,0,none
2024-09-02 00:04:00,8.34,8.34,0,none
2024-09-02 03:02:00,7.37,7.37,0,none
2024-09-02 04:41:00,6.59,6.59,0,none
2024-09-02 05:08:00,6.227,6.227,0,none
2024-09-02 09:40:00,6.294,6.294,0,none
2024-09-02 19:05:00,5.334,5.334,0,none
2024-09-03 08:18:00,5.119,5.119,0,none
2024-09-03 10:14:00,7.311,7.311,0,none
2024-09-03 23:40:00,7.365,7.365,0,none
2024-09-04 03:17:00,6.94,1.4732152369384781,1,drop
2024-09-04 05:39:00,6.921,6.921,0,none
2024-09-05 09:30:00,6.399,6.399,0,none
2024-09-05 11:08:00,7.764,7.764,0,none
2024-09-05 17:00:00,6.267,6.267,0,none
2024-09-06 04:01:00,6.903,6.903,0,none
2024-09-07 02:35:00,7.589,7.589,0,none
2024-09-07 10:13:00,7.169,7.169,0,none
2024-09-07 12:11:00,7.952,7.952,0,none
2024-09-07 18:49:00,5.297,5.297,0,none
2024-09-08 00:07:00,7.963,7.963,0,none
2024-09-08 03:41:00,7.619,7.619,0,none
2024-09-08 07:45:00,5.315,5.315,0,none
2024-09-08 08:26:00,5.076,5.076,0,none
2024-09-08 14:50:00,8.191,8.191,0,none
2024-09-09 11:06:00,7.88,7.88,0,none
2024-09-09 15:14:00,8.345,8.345,0,none
2024-09-10 00:51:00,8.433,8.433,0,none
2024-09-11 02:07:00,7.692,7.692,0,none
2024-09-11 16:45:00,7.528,7.528,0,none
2024-09-11 18:17:00,5.629,5.629,0,none
2024-09-12 05:35:00,6.16,6.16,0,none
2024-09-12 14:36:00,8.056,8.056,0,none
2024-09-12 15:49:00,7.84,7.84,0,none
2024-09-12 16:59:00,7.262,7.262,0,none
2024-09-12 18:54:00,4.561,4.561,0,none
2024-09-13 07:12:00,5.698,5.698,0,none
2024-09-13 13:32:00,7.749,7.749,0,none
2024-09-13 14:28:00,7.634,7.634,0,none
2024-09-14 01:42:00,7.929,7.929,0,none
2024-09-14 08:04:00,4.757,4.757,0,none
2024-09-14 13:41:00,7.805,7.805,0,none
2024-09-14 20:05:00,6.288,6.288,0,none
2024-09-15 03:20:00,7.467,7.467,0,none
2024-09-15 07:45:00,5.295,1.3386156843590686,1,drop
2024-09-15 23:53:00,6.996,6.996,0,none
2024-09-16 09:29:00,5.967,5.967,0,none
2024-09-16 11:19:00,8.288,8.288,0,none
2024-09-17 13:56:00,7.86,7.86,0,none
2024-09-17 22:15:00,7.094,7.094,0,none
2024-09-17 23:11:00,7.112,7.112,0,none
2024-09-18 03:31:00,7.639,7.639,0,none
2024-09-19 03:16:00,7.674,7.674,0,none
2024-09-19 09:32:00,6.365,6.365,0,none
2024-09-19 10:14:00,7.33,7.33,0,none
2024-09-19 10:34:00,7.938,7.938,0,none
2024-09-20 07:08:00,5.012,5.012,0,none
2024-09-20 08:46:00,5.182,5.182,0,none
2024-09-20 08:54:00,5.48,5.48,0,none
2024-09-20 20:57:00,6.012,6.012,0,none
2024-09-20 22:22:00,6.674,6.674,0,none
2024-09-21 09:42:00,5.849,5.849,0,none
2024-09-21 10:07:00,7.281,7.281,0,none
2024-09-21 10:26:00,7.376,7.376,0,none
2024-09-21 17:10:00,5.646,5.646,0,none
2024-09-22 04:37:00,6.825,6.825,0,none
2024-09-22 08:12:00,5.467,5.467,0,none
2024-09-22 12:55:00,8.179,8.179,0,none
2024-09-22 20:55:00,5.808,5.808,0,none
2024-09-23 06:56:00,6.166,6.436224966504388,1,drift
2024-09-23 07:48:00,5.254,5.73051778613032,1,drift
2024-09-23 12:09:00,7.949,8.903022741929092,1,drift
2024-09-24 04:26:00,7.431,8.68805738155677,1,drift
2024-09-24 11:16:00,8.114,9.25855815005375,1,drift
2024-09-24 19:05:00,5.678,7.7144202418214975,1,drift
2024-09-25 05:58:00,6.761,6.761,0,none
2024-09-25 09:26:00,6.432,6.432,0,none
2024-09-25 10:26:00,7.181,7.181,0,none
2024-09-25 14:42:00,8.35,8.35,0,none
2024-09-25 20:15:00,5.961,5.961,0,none
2024-09-25 20:59:00,6.004,6.004,0,none
2024-09-26 03:01:00,7.001,7.001,0,none
2024-09-26 07:19:00,5.537,5.537,0,none
2024-09-26 08:57:00,5.143,5.143,0,none
2024-09-26 17:18:00,6.578,6.578,0,none
2024-09-27 01:02:00,8.035,8.035,0,none
2024-09-27 18:35:00,5.377,5.377,0,none
2024-09-28 01:39:00,8.361,8.361,0,none
2024-09-28 07:08:00,5.06,5.06,0,none
2024-09-29 10:58:00,7.903,7.903,0,none
2024-09-29 17:24:00,6.065,6.065,0,none
2024-09-30 00:27:00,8.231,8.231,0,none
2024-09-30 03:54:00,7.577,7.577,0,none
2024-09-30 06:16:00,5.916,5.916,0,none
2024-09-30 06:40:00,6.016,6.016,0,none
2024-09-30 11:53:00,8.069,8.069,0,none
2024-09-30 20:16:00,6.158,6.158,0,none
2024-10-01 10:01:00,7.411,7.411,0,none
2024-10-01 11:43:00,7.96,7.96,0,none
2024-10-01 13:59:00,7.922,7.922,0,none
2024-10-02 06:51:00,6.142,6.142,0,none
2024-10-02 07:19:00,5.314,5.314,0,none
2024-10-02 07:44:00,5.255,5.255,0,none
2024-10-02 08:54:00,5.109,5.109,0,none
2024-10-02 13:59:00,7.886,7.886,0,none
2024-10-02 16:20:00,7.916,7.916,0,none
2024-10-02 19:23:00,5.105,5.105,0,none
2024-10-02 20:15:00,6.074,6.074,0,none
2024-10-03 01:15:00,7.959,7.959,0,none
2024-10-03 01:34:00,7.775,7.775,0,none
2024-10-03 10:48:00,7.449,7.449,0,none
2024-10-03 12:40:00,8.061,8.061,0,none
2024-10-03 13:59:00,8.087,8.087,0,none
2024-10-03 15:42:00,7.885,7.885,0,none
2024-10-03 22:19:00,6.827,6.827,0,none
2024-10-04 01:12:00,7.639,7.639,0,none
2024-10-04 02:59:00,8.275,8.275,0,none
2024-10-04 04:46:00,6.642,6.642,0,none
2024-10-04 08:26:00,5.15,5.15,0,none
2024-10-04 21:19:00,6.284,6.284,0,none
2024-10-04 23:01:00,7.292,7.292,0,none
2024-10-05 04:17:00,6.902,6.902,0,none
2024-10-05 04:24:00,6.793,6.793,0,none
2024-10-06 06:33:00,6.44,6.44,0,none
2024-10-06 07:50:00,5.213,5.213,0,none
2024-10-06 07:57:00,5.095,5.095,0,none
2024-10-06 13:23:00,8.067,8.067,0,none
2024-10-06 18:29:00,5.104,5.104,0,none
2024-10-06 21:16:00,7.014,7.014,0,none
2024-10-07 02:06:00,8.195,8.195,0,none
2024-10-07 07:31:00,5.255,5.255,0,none
2024-10-08 05:08:00,6.546,6.546,0,none
2024-10-08 07:42:00,5.669,5.669,0,none
2024-10-08 11:55:00,8.102,8.102,0,none
2024-10-08 13:03:00,8.265,8.265,0,none
2024-10-08 21:27:00,6.638,6.638,0,none
2024-10-08 22:05:00,6.822,6.822,0,none
2024-10-09 10:06:00,7.492,7.492,0,none
2024-10-10 01:03:00,8.138,8.138,0,none
2024-10-10 02:00:00,7.56,0.8377455880657325,1,drop
2024-10-10 05:27:00,6.706,6.706,0,none
2024-10-10 10:56:00,7.418,7.418,0,none
2024-10-10 17:44:00,5.965,5.965,0,none
2024-10-10 20:32:00,5.593,5.593,0,none
2024-10-10 22:08:00,6.461,6.461,0,none
2024-10-11 01:27:00,8.041,8.041,0,none
2024-10-11 06:38:00,6.664,6.664,0,none
2024-10-11 08:18:00,4.915,4.915,0,none
2024-10-11 08:49:00,4.787,4.787,0,none
2024-10-12 00:08:00,8.426,8.426,0,none
2024-10-12 00:48:00,8.303,8.303,0,none
2024-10-12 08:24:00,4.784,4.784,0,none
2024-10-12 16:07:00,7.044,7.044,0,none
2024-10-12 16:52:00,7.497,7.497,0,none
2024-10-13 05:26:00,6.495,6.495,0,none
2024-10-13 12:17:00,8.369,8.369,0,none
2024-10-13 12:48:00,8.261,8.261,0,none
2024-10-13 17:03:00,5.527,5.527,0,none
2024-10-13 22:44:00,6.758,6.758,0,none
2024-10-14 02:12:00,8.14,8.14,0,none
2024-10-15 07:50:00,5.149,5.149,0,none
2024-10-15 09:05:00,5.926,5.926,0,none
2024-10-15 12:20:00,8.041,8.041,0,none
2024-10-15 12:44:00,7.84,1.4523153334516754,1,drop
2024-10-15 14:17:00,8.078,8.078,0,none
2024-10-15 15:19:00,8.141,8.141,0,none
2024-10-16 05:15:00,6.367,6.367,0,none
2024-10-16 22:21:00,7.052,7.052,0,none
2024-10-17 04:32:00,6.899,6.899,0,none
2024-10-17 06:38:00,5.553,5.553,0,none
2024-10-17 11:55:00,7.777,7.777,0,none
2024-10-17 13:40:00,8.369,8.369,0,none
2024-10-17 14:09:00,7.929,7.929,0,none
2024-10-17 19:00:00,5.344,5.344,0,none
2024-10-18 01:45:00,7.843,7.843,0,none
2024-10-18 09:25:00,6.234,6.234,0,none
2024-10-18 14:37:00,7.883,7.883,0,none
2024-10-18 19:32:00,5.645,5.645,0,none
2024-10-18 20:39:00,5.978,5.978,0,none
2024-10-18 22:12:00,6.605,6.605,0,none
2024-10-19 00:40:00,7.996,7.996,0,none
2024-10-19 07:18:00,4.945,4.945,0,none
2024-10-19 08:14:00,5.256,5.256,0,none
2024-10-19 18:16:00,5.723,5.723,0,none
2024-10-19 20:52:00,5.675,5.675,0,none
2024-10-19 21:56:00,6.443,6.443,0,none
2024-10-20 00:49:00,8.138,8.138,0,none
2024-10-20 01:39:00,7.642,7.642,0,none
2024-10-20 08:19:00,5.406,5.406,0,none
2024-10-20 16:33:00,6.899,6.899,0,none
2024-10-20 23:38:00,6.993,6.993,0,none
2024-10-21 13:37:00,7.865,7.865,0,none
2024-10-22 03:39:00,7.237,7.237,0,none
2024-10-22 08:20:00,5.125,5.125,0,none
2024-10-22 11:13:00,7.855,7.855,0,none
2024-10-22 20:23:00,5.806,5.806,0,none
2024-10-23 03:31:00,7.445,7.445,0,none
2024-10-23 06:01:00,6.24,6.24,0,none
2024-10-23 07:19:00,5.475,5.475,0,none
2024-10-23 11:11:00,8.005,8.005,0,none
2024-10-23 13:34:00,8.085,8.085,0,none
2024-10-23 18:23:00,5.02,5.02,0,none
2024-10-23 19:56:00,5.38,5.38,0,none
2024-10-24 09:23:00,6.109,6.109,0,none
2024-10-25 12:06:00,8.415,8.415,0,none
2024-10-25 14:22:00,8.132,8.132,0,none
2024-10-26 12:02:00,8.351,8.351,0,none
2024-10-26 17:12:00,5.897,5.897,0,none
2024-10-26 17:24:00,6.08,6.08,0,none
2024-10-26 18:09:00,5.054,5.054,0,none
2024-10-26 18:53:00,4.978,4.978,0,none
2024-10-26 18:57:00,4.854,4.854,0,none
2024-10-26 21:11:00,6.388,6.388,0,none
2024-10-26 23:10:00,7.147,7.147,0,none
2024-10-27 12:05:00,7.548,7.548,0,none
2024-10-27 14:21:00,7.993,7.993,0,none
2024-10-27 20:02:00,6.041,6.041,0,none
2024-10-28 07:01:00,5.674,5.674,0,none
2024-10-28 09:08:00,6.047,6.047,0,none
2024-10-28 22:08:00,6.59,6.59,0,none
2024-10-29 07:03:00,5.67,5.67,0,none
2024-10-30 02:50:00,8.168,8.168,0,none
2024-10-30 10:43:00,7.11,7.11,0,none
2024-10-30 12:36:00,8.115,0.8991850717418913,1,drop
2024-10-31 05:16:00,6.655,6.655,0,none
2024-10-31 07:33:00,5.246,5.246,0,none
2024-10-31 12:40:00,8.15,8.15,0,none
2024-10-31 19:25:00,5.757,5.757,0,none
2024-11-01 02:58:00,8.281,8.281,0,none
2024-11-01 06:17:00,6.217,6.217,0,none
2024-11-01 10:14:00,7.061,7.061,0,none
2024-11-01 12:00:00,7.833,7.833,0,none
2024-11-01 12:50:00,7.759,7.759,0,none
2024-11-01 22:28:00,6.911,6.911,0,none
2024-11-02 15:28:00,8.072,8.072,0,none
2024-11-02 16:54:00,6.814,6.814,0,none
2024-11-03 10:44:00,7.129,7.129,0,none
2024-11-03 20:04:00,6.211,6.211,0,none
2024-11-03 21:54:00,6.457,6.457,0,none
2024-11-04 05:56:00,6.802,6.802,0,none
2024-11-04 20:55:00,6.166,6.166,0,none
2024-11-06 02:26:00,7.982,7.982,0,none
2024-11-06 05:02:00,6.547,6.547,0,none
2024-11-06 14:00:00,7.668,7.668,0,none
2024-11-06 18:24:00,4.699,4.699,0,none
2024-11-07 00:08:00,7.956,7.956,0,none
2024-11-08 02:10:00,8.25,8.25,0,none
2024-11-08 09:43:00,5.965,5.965,0,none
2024-11-09 09:25:00,6.113,6.113,0,none
2024-11-09 10:44:00,7.326,7.326,0,none
2024-11-09 14:10:00,8.109,8.109,0,none
2024-11-09 21:51:00,6.608,6.608,0,none
2024-11-10 07:33:00,5.288,5.288,0,none
2024-11-10 10:45:00,7.767,7.767,0,none
2024-11-10 12:44:00,8.211,8.211,0,none
2024-11-10 19:30:00,5.296,5.296,0,none
2024-11-11 09:01:00,6.202,6.202,0,none
2024-11-11 20:05:00,6.277,6.277,0,none
2024-11-12 11:04:00,7.957,7.957,0,none
2024-11-12 13:32:00,8.287,8.287,0,none
2024-11-13 18:40:00,4.809,4.809,0,none
2024-11-14 07:16:00,5.363,5.363,0,none
2024-11-14 12:10:00,7.509,7.509,0,none
2024-11-14 17:05:00,6.128,6.128,0,none
2024-11-15 01:08:00,7.731,7.731,0,none
2024-11-15 02:07:00,8.21,8.21,0,none
2024-11-15 02:43:00,7.534,7.534,0,none
2024-11-15 09:49:00,6.132,6.132,0,none
2024-11-15 14:38:00,8.072,8.072,0,none
2024-11-16 03:23:00,7.294,7.294,0,none
2024-11-16 10:15:00,7.489,7.489,0,none
2024-11-16 13:39:00,8.284,8.284,0,none
2024-11-16 14:22:00,8.265,8.265,0,none
2024-11-16 20:22:00,5.729,5.729,0,none
2024-11-17 01:07:00,8.243,8.243,0,none
2024-11-17 02:50:00,7.849,7.849,0,none
2024-11-17 17:32:00,6.508,6.508,0,none
2024-11-17 22:04:00,7.226,7.226,0,none
2024-11-17 22:16:00,7.039,7.039,0,none
2024-11-18 03:40:00,7.062,7.062,0,none
2024-11-18 09:02:00,5.928,5.928,0,none
2024-11-18 14:33:00,8.164,8.164,0,none
2024-11-18 21:42:00,6.905,6.905,0,none
2024-11-19 03:36:00,7.312,7.312,0,none
2024-11-19 16:11:00,7.502,7.502,0,none
2024-11-20 00:36:00,8.378,8.378,0,none
2024-11-20 03:46:00,7.401,7.401,0,none
2024-11-20 06:25:00,5.702,5.702,0,none
2024-11-20 07:33:00,5.155,5.155,0,none
2024-11-21 03:05:00,7.549,7.549,0,none
2024-11-21 11:02:00,8.028,8.028,0,none
2024-11-21 23:45:00,7.055,7.055,0,none
2024-11-22 06:42:00,6.046,6.046,0,none
2024-11-22 17:55:00,5.856,5.856,0,none
2024-11-23 09:25:00,6.069,6.069,0,none
2024-11-23 19:42:00,5.116,5.116,0,none
2024-11-24 00:06:00,8.167,8.167,0,none
2024-11-24 12:31:00,7.848,7.848,0,none
2024-11-24 17:44:00,5.999,5.999,0,none
2024-11-24 17:58:00,6.157,6.157,0,none
2024-11-24 19:48:00,5.068,5.068,0,none
2024-11-25 00:27:00,7.875,7.875,0,none
2024-11-25 03:35:00,7.128,7.128,0,none
2024-11-25 11:09:00,7.748,7.748,0,none
2024-11-26 00:04:00,7.645,7.645,0,none
2024-11-26 04:48:00,6.196,6.196,0,none
2024-11-26 09:12:00,5.972,5.972,0,none
2024-11-26 22:13:00,6.483,6.483,0,none
2024-11-26 23:09:00,7.154,7.154,0,none
2024-11-27 05:58:00,6.433,6.433,0,none
2024-11-27 11:25:00,8.379,8.379,0,none
2024-11-27 12:15:00,8.103,8.103,0,none
2024-11-28 02:57:00,7.792,7.792,0,none
2024-11-28 04:09:00,6.515,6.515,0,none
2024-11-28 09:36:00,6.121,6.121,0,none
2024-11-29 16:51:00,7.164,7.164,0,none
2024-11-30 18:45:00,5.416,5.416,0,none
2024-12-01 00:35:00,7.565,7.565,0,none
2024-12-01 07:54:00,5.308,5.308,0,none
2024-12-01 15:30:00,7.789,7.789,0,none
2024-12-01 16:07:00,7.32,7.32,0,none
2024-12-02 02:55:00,8.078,8.078,0,none
2024-12-02 15:59:00,7.746,7.746,0,none
2024-12-02 17:11:00,5.908,5.908,0,none
2024-12-03 04:25:00,6.318,6.318,0,none
2024-12-03 18:24:00,5.204,5.204,0,none
2024-12-03 23:09:00,7.445,7.445,0,none
2024-12-03 23:50:00,7.168,7.168,0,none
2024-12-03 23:51:00,7.218,1.0645028373713044,1,drop
2024-12-04 00:00:00,8.225,8.225,0,none
2024-12-04 03:36:00,7.102,7.102,0,none
2024-12-04 12:47:00,8.448,8.448,0,none
2024-12-04 16:27:00,7.202,7.202,0,none
2024-12-04 21:06:00,6.576,6.576,0,none
2024-12-04 23:47:00,7.78,7.78,0,none
2024-12-05 06:41:00,5.626,5.626,0,none
2024-12-05 10:22:00,7.581,7.581,0,none
2024-12-05 11:54:00,8.263,8.263,0,none
2024-12-05 12:49:00,8.046,8.046,0,none
2024-12-05 14:16:00,7.645,7.645,0,none
2024-12-05 21:04:00,6.664,6.664,0,none
2024-12-05 23:59:00,7.106,7.106,0,none
2024-12-06 03:54:00,7.325,7.325,0,none
2024-12-06 11:27:00,8.044,8.044,0,none
2024-12-06 11:36:00,8.204,8.204,0,none
2024-12-06 16:03:00,6.99,6.99,0,none
2024-12-06 18:09:00,4.949,4.949,0,none
2024-12-06 22:59:00,6.86,6.86,0,none
2024-12-07 06:16:00,6.091,6.091,0,none
2024-12-07 14:01:00,7.925,7.925,0,none
2024-12-07 20:54:00,6.281,8.464120360155945,1,spike
2024-12-08 00:30:00,7.981,7.981,0,none
2024-12-08 12:55:00,8.734,8.734,0,none
2024-12-08 19:50:00,5.211,5.211,0,none
2024-12-08 22:52:00,6.628,6.628,0,none
2024-12-09 02:14:00,7.641,7.641,0,none
2024-12-09 04:21:00,6.807,6.807,0,none
2024-12-09 08:36:00,5.376,5.376,0,none
2024-12-09 10:23:00,7.387,7.387,0,none
2024-12-09 12:50:00,8.463,8.463,0,none
2024-12-09 15:05:00,7.782,7.782,0,none
2024-12-09 16:11:00,7.629,7.629,0,none
2024-12-10 00:58:00,8.377,8.377,0,none
2024-12-10 06:22:00,5.655,5.655,0,none
2024-12-10 18:35:00,5.502,5.502,0,none
2024-12-10 20:08:00,6.092,6.092,0,none
2024-12-11 00:22:00,8.001,8.001,0,none
2024-12-11 18:39:00,5.154,5.154,0,none
2024-12-11 22:01:00,7.11,7.11,0,none
2024-12-12 02:49:00,7.849,7.849,0,none
2024-12-13 01:11:00,8.029,8.029,0,none
2024-12-13 14:01:00,8.184,8.184,0,none
2024-12-13 21:59:00,6.403,6.403,0,none
2024-12-14 04:57:00,6.492,6.492,0,none
2024-12-14 06:11:00,5.964,5.964,0,none
2024-12-15 12:23:00,7.951,7.951,0,none
2024-12-15 23:30:00,7.395,7.395,0,none
2024-12-16 02:38:00,8.417,8.417,0,none
2024-12-16 04:50:00,6.943,6.943,0,none
2024-12-16 07:16:00,4.842,4.842,0,none
2024-12-16 17:54:00,5.971,5.971,0,none
2024-12-17 15:10:00,7.575,7.575,0,none
2024-12-17 17:52:00,5.961,5.961,0,none
2024-12-17 22:39:00,6.713,6.713,0,none
2024-12-18 06:09:00,6.148,6.148,0,none
2024-12-18 20:21:00,6.523,6.523,0,none
2024-12-18 20:47:00,6.102,6.102,0,none
2024-12-19 04:10:00,6.864,6.864,0,none
2024-12-19 22:33:00,6.45,6.45,0,none
2024-12-20 00:31:00,8.129,8.129,0,none
2024-12-20 02:03:00,7.786,7.786,0,none
2024-12-20 02:29:00,7.763,7.763,0,none
2024-12-20 06:35:00,6.061,6.061,0,none
2024-12-20 19:23:00,4.991,4.991,0,none
2024-12-21 02:36:00,8.053,8.053,0,none
2024-12-21 04:50:00,6.546,6.546,0,none
2024-12-21 11:40:00,8.035,8.035,0,none
2024-12-21 15:04:00,7.962,7.962,0,none
2024-12-22 12:47:00,8.13,8.13,0,none
2024-12-23 02:36:00,8.043,8.043,0,none
2024-12-23 07:39:00,5.042,5.042,0,none
2024-12-23 08:49:00,5.56,5.56,0,none
2024-12-23 17:21:00,6.251,6.251,0,none
2024-12-24 14:25:00,8.146,8.146,0,none
2024-12-24 20:43:00,5.998,5.998,0,none
2024-12-25 04:32:00,6.841,6.841,0,none
2024-12-25 04:36:00,7.115,7.115,0,none
2024-12-25 20:32:00,5.8,5.8,0,none
2024-12-25 20:33:00,5.996,5.996,0,none
2024-12-26 07:21:00,5.152,5.152,0,none
2024-12-27 02:06:00,8.079,8.079,0,none
2024-12-27 03:57:00,6.862,6.862,0,none
2024-12-27 04:18:00,6.397,6.397,0,none
2024-12-27 17:42:00,6.192,6.192,0,none
2024-12-28 07:55:00,5.136,5.136,0,none
2024-12-28 14:00:00,7.856,7.856,0,none
2024-12-28 14:16:00,7.934,7.934,0,none
2024-12-29 00:59:00,7.943,7.943,0,none
2024-12-29 09:27:00,6.303,6.303,0,none
2024-12-30 02:24:00,7.88,7.88,0,none
2024-12-30 05:07:00,6.487,6.487,0,none
2024-12-30 06:17:00,6.153,6.153,0,none
2024-12-30 06:24:00,5.591,5.591,0,none
2024-12-30 12:04:00,7.662,7.662,0,none
2024-12-30 12:53:00,7.567,7.567,0,none
2024-12-30 13:51:00,8.966,8.966,0,none
2024-12-30 14:37:00,8.169,8.169,0,none
2024-12-30 16:23:00,7.337,7.337,0,none
2024-12-30 22:17:00,6.093,6.093,0,none
2024-12-31 00:02:00,7.962,7.962,0,none
2024-12-31 10:27:00,7.777,7.777,0,none
2024-12-31 13:04:00,8.103,8.103,0,none
2024-12-31 22:24:00,6.724,6.724,0,none
